Age,Annual_Income_USD,Daily_Commute_km,Number_of_Cars_Owned,Charging_Stations_Near_Home,Charging_Stations_Near_Work,Environmental_Concern_Level,Gender,City_Type,Current_Car_Type,Home_Charging_Possible,Subsidy_Available,Range_Anxiety_Level,p_expected
68,30000.0,19.4,2,4,3,3.0,Female,Suburban,Sedan,Yes,Yes,Low,0.04116592189647299
66,96481.0,67.7,1,2,8,2.0,Male,Suburban,Sedan,Yes,Yes,Low,0.015199562304284016
57,93479.0,31.9,3,3,5,5.0,Male,Suburban,Sedan,Yes,Yes,Low,0.7080550416944676
40,76795.0,40.7,2,1,6,3.0,Female,Suburban,SUV,Yes,No,Low,0.0018775464553920625
54,74555.0,5.0,2,2,13,4.0,Male,Urban,SUV,No,No,Low,0.002553218875653714
59,63847.0,5.0,1,9,9,2.0,Female,Urban,SUV,No,No,Low,8.07828707253532e-05
36,67515.0,39.3,2,2,3,1.0,Female,Rural,SUV,Yes,Yes,Low,0.007477160735680777
66,61677.0,5.0,2,4,1,1.0,Female,Suburban,Sedan,Yes,Yes,Low,0.00430794294864098
38,109131.0,39.2,2,4,5,4.0,Male,Suburban,SUV,Yes,Yes,Low,0.6288796372114255
43,118958.0,37.4,3,3,8,3.0,Female,Suburban,SUV,Yes,Yes,Low,0.3259850842267123
47,122977.0,36.5,3,2,2,5.0,Female,Rural,Sedan,Yes,No,Low,0.07637146457817064
47,83313.0,52.5,1,1,3,4.0,Female,Suburban,Hatchback,Yes,Yes,Low,0.276494238699954
66,90266.0,5.0,1,1,7,1.0,Male,Suburban,Sedan,Yes,Yes,Low,0.01512645016739325
38,105640.0,5.0,1,2,3,5.0,Female,Rural,Sedan,Yes,Yes,Low,0.7947513023767669
64,44214.0,21.6,3,11,9,2.0,Female,Urban,Sedan,No,Yes,Low,0.010957765473441058
28,95872.0,40.1,2,6,15,5.0,Female,Urban,Sedan,No,No,Medium,0.006392867686332342
51,30000.0,40.3,2,2,15,4.0,Male,Urban,SUV,Yes,Yes,Low,0.17240700245612905
50,93059.0,5.0,2,5,6,4.0,Female,Suburban,Sedan,No,Yes,Low,0.37647151771660337
63,64681.0,66.9,1,0,2,3.0,Female,Rural,SUV,Yes,No,Low,0.00034445153351873626
51,83953.0,10.9,2,0,3,2.0,Male,Rural,Truck,Yes,No,Low,0.0014091954016910197
43,81143.0,26.3,2,10,6,5.0,Male,Urban,SUV,No,Yes,Low,0.6988979881899355
30,62745.0,34.2,1,0,3,3.0,Male,Rural,Sedan,Yes,Yes,Low,0.025581229218372567
61,75963.0,5.0,2,0,3,5.0,Male,Rural,SUV,Yes,Yes,Low,0.5711322413041992
53,91330.0,5.0,1,2,3,1.0,Female,Rural,Sedan,Yes,Yes,Low,0.019826681591665788
25,68480.0,31.7,1,3,5,2.0,Male,Suburban,SUV,Yes,Yes,Low,0.057512287167415854
40,110945.0,18.9,1,4,5,1.0,Male,Suburban,Sedan,Yes,Yes,Low,0.018992251395185115
50,77433.0,5.0,2,2,17,5.0,Female,Urban,SUV,No,Yes,Low,0.6006097061815227
66,95823.0,29.8,2,5,5,5.0,Female,Suburban,Sedan,Yes,Yes,Low,0.8150312517465637
31,65800.0,24.9,3,3,3,2.0,Female,Suburban,Sedan,Yes,Yes,Low,0.010305181221381778
40,86095.0,5.0,3,0,3,2.0,Female,Rural,SUV,Yes,Yes,Low,0.03578641634899463
41,63386.0,34.2,3,9,19,2.0,Male,Urban,Truck,No,No,Low,8.796010245234845e-05
59,60417.0,42.5,1,8,17,3.0,Male,Urban,Sedan,Yes,No,Low,0.0005986724630722118
59,94863.0,58.4,1,0,3,1.0,Female,Suburban,Sedan,Yes,Yes,Low,0.009061471924267064
55,78507.0,5.0,2,1,0,4.0,Male,Rural,Sedan,Yes,No,Low,0.011271911110304424
41,132490.0,19.5,2,2,2,5.0,Male,Rural,SUV,Yes,Yes,Low,0.8943684447574901
30,71890.0,5.0,1,4,6,3.0,Female,Suburban,SUV,Yes,No,Low,0.0032011314072530384
69,132822.0,5.0,2,1,1,4.0,Female,Rural,Sedan,Yes,No,Low,0.023074905501795452
37,74709.0,5.0,2,8,15,3.0,Female,Urban,SUV,Yes,Yes,Low,0.23892440304070622
59,62351.0,5.0,1,2,1,1.0,Female,Rural,Sedan,Yes,No,Low,7.34417535788967e-05
41,89584.0,28.6,1,13,16,1.0,Male,Urban,SUV,Yes,No,Low,0.00043850678316582404
46,75626.0,48.1,2,13,6,2.0,Female,Urban,Truck,No,Yes,Low,0.023638786104347324
43,82768.0,21.8,2,0,1,5.0,Male,Rural,SUV,Yes,Yes,Low,0.7016905502157191
37,84554.0,32.2,2,8,15,3.0,Male,Urban,Sedan,No,No,Low,0.0017281673322756532
36,131068.0,29.9,1,9,6,1.0,Female,Urban,Sedan,Yes,No,Low,0.0005932286817453792
50,98984.0,31.8,3,4,12,5.0,Male,Urban,Hatchback,No,No,Low,0.021686309676812135
33,74450.0,54.0,2,13,19,4.0,Male,Urban,Hatchback,Yes,No,Low,0.00753417875063816
56,113904.0,41.4,3,14,17,4.0,Male,Urban,Sedan,Yes,Yes,Low,0.7095643040050758
31,94443.0,5.0,4,3,7,1.0,Female,Suburban,SUV,Yes,Yes,Low,0.0048763592818211726
37,122945.0,5.0,2,5,4,1.0,Female,Urban,SUV,Yes,Yes,Low,0.017785423067123343
27,30000.0,36.7,1,0,9,5.0,Female,Suburban,Truck,Yes,Yes,Low,0.41158729156469065
47,75946.0,5.0,2,7,6,1.0,Female,Suburban,SUV,Yes,Yes,Low,0.0060487117569213876
48,136587.0,5.0,1,0,3,1.0,Male,Rural,SUV,Yes,Yes,Low,0.037132045520175364
53,86595.0,34.7,2,5,8,5.0,Male,Suburban,Hatchback,Yes,No,Low,0.02796500743137842
47,81652.0,43.9,1,13,12,2.0,Male,Urban,SUV,Yes,No,Low,0.0008916083646107325
61,69082.0,70.5,1,1,3,1.0,Male,Rural,SUV,Yes,Yes,Low,0.0021056753529266553
64,93811.0,5.0,2,7,14,4.0,Female,Urban,Truck,No,No,Low,0.004541846668169322
60,56766.0,5.0,2,10,10,2.0,Female,Urban,SUV,No,Yes,Low,0.021667969692947153
31,91756.0,28.9,1,6,8,2.0,Female,Suburban,Sedan,No,Yes,Low,0.03086914948681884
37,68439.0,37.7,1,13,17,2.0,Other,Urban,Sedan,No,Yes,Low,0.042768596680908474
62,76549.0,5.0,1,3,2,3.0,Female,Suburban,Sedan,Yes,Yes,Low,0.11307898384034373
26,51663.0,21.9,2,0,9,5.0,Male,Suburban,SUV,Yes,Yes,Low,0.7307690964445482
37,83631.0,5.0,4,12,9,3.0,Male,Urban,Sedan,No,No,Low,0.0012895632013212002
56,104896.0,22.6,2,10,10,1.0,Female,Urban,Sedan,No,Yes,Low,0.021766395813191345
30,85174.0,5.0,1,3,5,3.0,Female,Urban,Sedan,No,Yes,Low,0.168057695627521
66,70932.0,20.7,3,3,9,1.0,Female,Urban,Sedan,Yes,Yes,Low,0.01095276975188927
62,30000.0,15.1,2,6,16,3.0,Male,Urban,SUV,Yes,No,Low,0.0014509174245945773
47,120186.0,32.3,2,0,2,1.0,Male,Suburban,Hatchback,Yes,No,Low,0.0004374247748849649
50,111181.0,66.5,1,1,7,1.0,Male,Suburban,SUV,No,No,Medium,0.00014947646294476998
48,74981.0,67.4,2,5,15,1.0,Female,Urban,Hatchback,No,Yes,Low,0.001656507797615803
43,95846.0,58.4,1,11,6,2.0,Male,Urban,Truck,Yes,No,Low,0.0013915238302660018
43,77115.0,32.7,2,14,19,4.0,Male,Urban,Hatchback,No,Yes,Low,0.35560218510267017
59,92412.0,27.8,1,10,10,5.0,Female,Urban,SUV,Yes,Yes,Low,0.8467774334100184
59,142687.0,5.0,2,6,9,1.0,Male,Suburban,Sedan,Yes,Yes,Low,0.02208420378766223
43,104074.0,15.2,3,1,0,5.0,Female,Rural,SUV,Yes,No,Low,0.10179944080861927
30,79562.0,52.2,1,1,5,2.0,Female,Suburban,SUV,Yes,Yes,Low,0.03270380450226768
26,30000.0,41.7,3,0,0,1.0,Male,Rural,Sedan,Yes,Yes,Low,0.0020605157875948246
55,72916.0,35.2,1,14,10,3.0,Female,Urban,SUV,No,Yes,Low,0.09721533103927842
38,169533.0,21.8,2,12,14,5.0,Male,Urban,Sedan,Yes,Yes,Low,0.9105957188754785
62,152720.0,56.4,1,7,11,1.0,Female,Urban,SUV,Yes,Yes,Low,0.04219237680111694
63,99853.0,47.6,1,4,16,1.0,Male,Urban,Hatchback,No,No,Medium,8.414852361303701e-05
56,48584.0,46.4,3,9,18,1.0,Male,Urban,SUV,No,No,Low,5.0778638607903e-05
69,67723.0,46.4,3,7,6,5.0,Female,Suburban,SUV,Yes,Yes,Low,0.6263725805743154
36,92880.0,47.5,1,8,19,5.0,Male,Urban,SUV,No,Yes,Low,0.6347811886323099
64,96537.0,51.0,2,6,15,5.0,Male,Urban,SUV,No,No,Low,0.034153776623791876
59,78965.0,5.0,1,7,9,1.0,Female,Suburban,Hatchback,Yes,Yes,Low,0.012161147214030306
60,30000.0,49.3,2,1,2,1.0,Male,Rural,SUV,Yes,Yes,Low,0.0020607896049804056
43,93355.0,34.4,2,3,6,2.0,Female,Urban,SUV,No,Yes,Medium,0.009692298394590033
30,85441.0,57.0,2,8,4,3.0,Male,Urban,SUV,No,No,Medium,0.000581930088720473
46,106442.0,5.0,2,4,8,3.0,Male,Suburban,Sedan,Yes,Yes,Low,0.311764382636623
61,157700.0,51.8,1,3,7,4.0,Female,Suburban,Sedan,Yes,Yes,Low,0.6069716884436154
68,86415.0,5.0,1,5,4,4.0,Female,Suburban,Sedan,No,Yes,Medium,0.06712382771359603
64,90936.0,51.8,1,3,5,4.0,Male,Suburban,Truck,Yes,Yes,Low,0.36297044714623655
49,129962.0,5.0,3,1,3,3.0,Female,Rural,Sedan,Yes,Yes,Low,0.42676292817262185
66,101744.0,5.0,1,4,7,3.0,Female,Suburban,Hatchback,Yes,No,Low,0.00409853789840926
65,126966.0,5.0,1,7,6,4.0,Male,Suburban,Sedan,Yes,No,Low,0.015477318117056476
47,121445.0,5.0,3,1,3,1.0,Female,Rural,SUV,Yes,No,Low,0.0006331937445315926
60,30000.0,37.6,1,6,6,5.0,Female,Suburban,SUV,Yes,Yes,Low,0.29597907918911986
68,95850.0,18.3,2,3,8,5.0,Male,Suburban,SUV,Yes,Yes,Low,0.7183434913142754
46,54300.0,13.6,1,4,4,5.0,Female,Suburban,Hatchback,No,No,Medium,0.004888430390749579
26,85132.0,58.0,2,2,5,5.0,Female,Urban,Truck,No,Yes,Medium,0.46589235830776676
60,30000.0,18.4,1,3,6,1.0,Female,Suburban,Hatchback,Yes,Yes,Low,0.00148843185857117
55,132305.0,17.6,2,0,6,4.0,Male,Suburban,Hatchback,Yes,Yes,Low,0.79282230941662
46,90662.0,17.4,1,0,4,1.0,Male,Suburban,SUV,Yes,Yes,Low,0.024281369822814355
66,108704.0,5.0,2,11,4,2.0,Female,Urban,Truck,No,Yes,Low,0.04774446798570808
47,90830.0,52.4,1,4,6,3.0,Male,Urban,Sedan,No,Yes,Low,0.1501751955979047
47,82818.0,55.7,2,5,14,2.0,Male,Urban,SUV,No,No,Medium,0.00017496056656517782
64,76958.0,58.5,2,12,5,1.0,Male,Urban,Hatchback,No,No,Low,0.00017706630748259914
61,82832.0,47.2,2,2,6,4.0,Male,Urban,Sedan,Yes,Yes,Low,0.3436993456752131
58,118431.0,44.9,2,2,3,5.0,Female,Rural,SUV,Yes,Yes,Low,0.7890668481257197
37,40863.0,41.9,1,0,1,5.0,Male,Rural,SUV,Yes,Yes,Low,0.11923273621223196
46,91566.0,44.3,1,4,9,4.0,Male,Suburban,Hatchback,Yes,No,Low,0.01065567188440579
33,120774.0,34.3,2,9,10,2.0,Male,Urban,Sedan,Yes,No,Low,0.001447603034322973
56,71241.0,47.5,1,14,5,3.0,Female,Urban,Sedan,Yes,Yes,Low,0.1674184746646547
37,69158.0,52.0,2,7,3,3.0,Male,Suburban,SUV,Yes,No,Low,0.0021738039571531456
52,78569.0,46.0,1,2,12,4.0,Male,Urban,Sedan,No,No,Medium,0.0017506942471425485
68,82942.0,59.1,2,0,3,4.0,Male,Rural,Sedan,Yes,No,Low,0.0016242099657267695
26,65679.0,5.0,2,9,9,3.0,Female,Urban,SUV,No,No,Low,0.00043101908506228945
56,123066.0,26.6,2,5,7,2.0,Male,Suburban,SUV,Yes,Yes,Low,0.07666222982376375
56,30000.0,5.0,1,13,18,1.0,Female,Urban,Sedan,No,No,Low,8.885892266744492e-05
36,50646.0,30.1,2,3,9,4.0,Male,Urban,SUV,No,Yes,Low,0.05920472804489864
46,92862.0,45.3,2,5,17,5.0,Male,Urban,Truck,No,Yes,Low,0.7506721591385531
27,74382.0,29.7,2,5,4,5.0,Male,Suburban,SUV,Yes,No,Low,0.03393481801376589
59,132976.0,18.6,2,2,2,3.0,Female,Rural,Sedan,Yes,Yes,Low,0.4377984056100127
69,84889.0,32.7,2,12,3,5.0,Male,Urban,Sedan,No,Yes,Low,0.7238455465316952
25,73410.0,5.0,2,5,9,1.0,Female,Suburban,Hatchback,Yes,No,Low,0.00022014176800143765
30,91436.0,48.1,3,4,8,4.0,Male,Suburban,Sedan,No,Yes,High,0.00662188291539823
25,76795.0,53.7,1,5,4,5.0,Male,Suburban,SUV,Yes,Yes,Low,0.4844541652545816
55,39473.0,30.8,1,5,2,1.0,Male,Suburban,SUV,Yes,No,Low,4.5658782564588586e-05
48,119654.0,52.7,1,10,15,5.0,Female,Urban,Sedan,No,Yes,Low,0.6769266330141034
48,77331.0,44.4,1,3,3,1.0,Female,Urban,SUV,No,Yes,Medium,0.0012528709185326736
44,84979.0,51.9,2,5,8,2.0,Female,Suburban,SUV,Yes,No,Low,0.0005494644564050083
37,65903.0,57.5,2,0,7,2.0,Male,Suburban,Sedan,No,Yes,Medium,0.002751730936493612
49,30000.0,52.6,2,13,14,3.0,Female,Urban,Sedan,No,Yes,Low,0.05106024871240938
65,92880.0,5.0,2,14,9,5.0,Male,Urban,Hatchback,Yes,No,Low,0.023770376649066095
65,92260.0,31.3,1,2,1,4.0,Male,Rural,Sedan,Yes,Yes,Low,0.4305942872158474
45,73410.0,44.9,2,5,5,4.0,Female,Urban,SUV,Yes,No,Low,0.0052293857940354325
50,94074.0,27.6,2,6,3,1.0,Male,Suburban,SUV,Yes,No,Low,0.0003005843083978951
40,82872.0,50.2,1,1,3,3.0,Male,Rural,Hatchback,Yes,No,Low,0.001973006937931441
56,87910.0,5.0,2,6,12,5.0,Female,Urban,SUV,Yes,Yes,Low,0.7723108436618712
28,77007.0,5.0,1,13,15,3.0,Female,Urban,Hatchback,Yes,No,Low,0.003451511823438583
55,93478.0,43.2,3,2,3,5.0,Female,Urban,Hatchback,No,Yes,Medium,0.30760970355487666
32,96538.0,53.7,2,6,8,1.0,Male,Suburban,SUV,No,Yes,Medium,0.001816570584579883
53,82911.0,54.8,1,11,7,2.0,Male,Urban,SUV,No,Yes,Low,0.04117193180741372
64,93683.0,37.4,1,5,1,3.0,Female,Suburban,SUV,Yes,No,Low,0.0032261385924896874
41,62451.0,25.3,2,2,2,2.0,Male,Rural,Sedan,Yes,Yes,Low,0.005275948588154028
65,84868.0,20.7,1,5,8,3.0,Female,Suburban,SUV,Yes,Yes,Low,0.15803225527060874
33,74914.0,29.3,3,10,8,1.0,Female,Urban,Sedan,Yes,Yes,Low,0.007643852214584852
67,129958.0,23.8,1,2,3,3.0,Male,Rural,Sedan,Yes,No,Low,0.006320609752913851
43,58963.0,10.7,3,6,19,2.0,Male,Urban,Sedan,No,Yes,Low,0.024823736281485334
69,67819.0,16.6,3,11,10,2.0,Male,Urban,Sedan,Yes,Yes,Low,0.07505122258620739
45,78531.0,55.5,1,6,6,2.0,Male,Suburban,Sedan,Yes,Yes,Low,0.048377310294716265
33,73462.0,5.0,1,4,12,4.0,Male,Urban,SUV,No,No,Low,0.003271897367945231
68,71449.0,18.5,1,10,18,2.0,Female,Urban,SUV,No,No,Low,0.00031072553990026466
30,88614.0,5.0,2,12,18,5.0,Male,Urban,SUV,Yes,Yes,Low,0.7012774693160673
63,107854.0,27.3,1,2,2,1.0,Female,Rural,Sedan,Yes,Yes,Low,0.019387047288695395
55,74460.0,5.0,1,11,3,2.0,Male,Urban,SUV,No,Yes,Low,0.02146446351941918
50,71487.0,22.0,1,4,6,1.0,Male,Suburban,Sedan,Yes,Yes,Low,0.013339029316066958
49,141055.0,11.8,2,0,0,4.0,Male,Rural,Sedan,Yes,Yes,Low,0.8612074852743283
35,83038.0,5.0,3,2,14,3.0,Male,Urban,Sedan,Yes,No,Low,0.003204530700153983
54,74056.0,5.0,1,0,3,5.0,Male,Rural,SUV,Yes,Yes,Low,0.6515575490221855
39,30000.0,43.0,1,11,19,2.0,Female,Urban,Truck,Yes,Yes,Low,0.006764316316231155
51,67762.0,32.3,2,1,7,1.0,Female,Suburban,Truck,Yes,Yes,Low,0.012082006251290248
29,76536.0,5.0,2,2,2,5.0,Male,Rural,Sedan,Yes,Yes,Low,0.6023690214332748
48,101737.0,62.0,1,0,0,3.0,Male,Rural,Sedan,Yes,Yes,Low,0.1267408858226375
31,106533.0,32.8,2,5,3,4.0,Male,Urban,Sedan,Yes,No,Low,0.010455080197709502
36,95906.0,34.8,2,2,9,2.0,Female,Suburban,Sedan,Yes,No,Low,0.0007347833573849411
53,123514.0,34.7,1,11,17,3.0,Male,Urban,Sedan,Yes,No,Low,0.007740710912723979
62,98935.0,59.3,2,6,6,4.0,Female,Suburban,Sedan,No,No,Medium,0.0011437264813560525
48,86822.0,50.7,3,14,15,5.0,Male,Urban,Sedan,Yes,Yes,Low,0.7264137341664604
32,122680.0,61.9,1,7,1,1.0,Male,Suburban,Truck,No,Yes,Medium,0.0023202931139965828
30,84578.0,17.4,3,3,18,1.0,Female,Urban,Hatchback,Yes,Yes,Low,0.010024257528385816
36,142955.0,27.2,1,9,4,1.0,Female,Urban,Sedan,Yes,No,Low,0.0012651256978817586
64,125937.0,5.0,1,4,12,3.0,Female,Urban,Sedan,No,Yes,Low,0.22367377742270458
56,113589.0,5.0,1,2,0,5.0,Female,Rural,Sedan,Yes,Yes,Low,0.873419347590161
44,30000.0,25.7,2,2,0,3.0,Male,Rural,SUV,Yes,No,Low,0.0007833042894571725
33,103598.0,66.6,1,6,12,1.0,Female,Urban,SUV,Yes,No,Low,0.0003352433113667365
45,88415.0,16.4,3,14,16,1.0,Male,Urban,Sedan,No,No,Low,0.00030968158147495154
50,104094.0,40.6,1,9,14,2.0,Female,Urban,Sedan,Yes,No,Low,0.0012593043947926646
37,105917.0,5.0,1,0,3,1.0,Female,Rural,Hatchback,Yes,No,Low,0.0005876895024234424
66,68640.0,49.5,2,4,19,1.0,Female,Urban,SUV,Yes,Yes,Low,0.01588794371982879
58,80968.0,19.4,1,12,10,1.0,Male,Urban,Sedan,No,Yes,Low,0.012428597983021233
63,146677.0,16.2,2,2,1,3.0,Male,Rural,SUV,Yes,No,Low,0.014841759410251763
55,107839.0,49.4,2,3,4,4.0,Female,Suburban,SUV,Yes,No,Low,0.009262311061519313
28,75469.0,50.5,1,13,6,1.0,Male,Urban,Sedan,No,Yes,Medium,0.001172801398745049
67,67778.0,48.6,1,2,5,2.0,Male,Suburban,Hatchback,Yes,Yes,Low,0.023157778406594522
43,80192.0,54.2,2,2,17,5.0,Male,Urban,Sedan,No,No,Low,0.015430766006132423
49,30000.0,33.0,2,5,1,4.0,Male,Suburban,Sedan,Yes,No,Low,0.0025974577942561327
53,104533.0,34.3,2,5,6,2.0,Male,Suburban,Sedan,Yes,No,Low,0.0012990514844329676
50,77959.0,21.0,2,5,6,2.0,Female,Suburban,Sedan,No,No,Low,0.0003905772389157465
41,81515.0,31.0,2,13,15,3.0,Male,Urban,Sedan,No,No,Low,0.001713654783483213
56,112174.0,50.5,1,1,2,3.0,Male,Suburban,Sedan,Yes,Yes,Low,0.3885018582021774
33,94589.0,60.4,1,5,7,5.0,Female,Suburban,Sedan,Yes,Yes,Low,0.8352726846778304
28,81157.0,42.2,1,5,9,2.0,Female,Urban,Hatchback,No,Yes,Low,0.046265369432036046
51,98671.0,26.3,1,11,3,2.0,Male,Urban,Sedan,Yes,No,Low,0.0009969039464943841
31,93314.0,22.7,2,4,3,4.0,Female,Suburban,Truck,Yes,Yes,Low,0.48831512904118013
57,95898.0,17.8,2,2,10,4.0,Female,Urban,Sedan,No,Yes,Low,0.6036572936483507
54,120186.0,27.2,2,11,17,5.0,Male,Urban,SUV,No,Yes,Low,0.8294696884231008
41,113781.0,45.6,2,1,2,2.0,Male,Rural,Sedan,Yes,No,Low,0.0009641437848587677
31,119346.0,56.1,2,4,5,2.0,Female,Suburban,Sedan,Yes,Yes,Low,0.05879020887992001
61,104461.0,5.0,1,6,1,1.0,Female,Suburban,Hatchback,Yes,No,Low,0.000556582048105814
52,75634.0,47.8,2,2,1,2.0,Male,Rural,Sedan,Yes,Yes,Low,0.029661299774751928
47,40314.0,5.0,2,6,14,2.0,Male,Urban,SUV,Yes,No,Low,6.438634166761619e-05
37,122699.0,5.0,1,10,6,4.0,Male,Urban,Sedan,Yes,Yes,Low,0.6120201604061737
52,161743.0,5.0,1,1,0,5.0,Male,Rural,Sedan,Yes,Yes,Low,0.9330053042432136
37,133856.0,5.0,2,10,7,5.0,Male,Urban,Sedan,No,Yes,Low,0.8341946011987744
30,125064.0,5.0,2,6,11,3.0,Male,Urban,Truck,Yes,Yes,Low,0.33332457366988977
65,62211.0,56.1,2,8,16,3.0,Female,Urban,Hatchback,Yes,No,Low,0.0009052772742254748
68,163926.0,5.0,1,1,9,5.0,Female,Suburban,Sedan,Yes,Yes,Low,0.875606867512241
48,87823.0,47.2,2,14,9,1.0,Male,Urban,SUV,No,No,Medium,7.619299328860105e-05
49,75864.0,50.2,1,1,8,4.0,Male,Suburban,SUV,No,Yes,Medium,0.0532361927557702
62,87836.0,5.0,1,2,3,1.0,Female,Rural,SUV,Yes,No,Low,0.0005758353845480065
49,30000.0,53.3,1,5,16,1.0,Female,Urban,SUV,Yes,No,Low,0.00016379190202360614
62,82450.0,25.3,2,5,5,5.0,Male,Suburban,SUV,Yes,No,Low,0.018283696838549367
66,62351.0,54.2,2,5,3,4.0,Female,Suburban,Sedan,Yes,Yes,Low,0.08792608413618115
63,53972.0,5.0,1,3,7,4.0,Male,Suburban,Hatchback,Yes,No,Low,0.0032258640295468816
25,30000.0,57.4,2,13,13,4.0,Female,Urban,SUV,No,Yes,Low,0.09476752203537404
41,62315.0,51.1,2,13,16,5.0,Male,Urban,SUV,No,Yes,Low,0.2616734565911598
58,55717.0,32.4,2,13,16,1.0,Female,Urban,Truck,No,No,Low,0.00017520435079390048
39,30000.0,24.4,1,1,8,1.0,Male,Suburban,Sedan,Yes,Yes,Low,0.00218929700562328
59,58877.0,5.0,1,4,4,3.0,Male,Suburban,SUV,Yes,Yes,Low,0.15041894053387517
60,109578.0,25.8,2,6,17,4.0,Female,Urban,Sedan,Yes,Yes,Low,0.654571868808181
41,149878.0,35.3,3,2,8,4.0,Other,Suburban,Sedan,No,Yes,Medium,0.22840613496380513
58,91762.0,46.5,3,2,1,2.0,Female,Rural,Sedan,Yes,No,Low,0.0007718710805175765
39,77673.0,5.0,1,5,13,4.0,Male,Urban,Sedan,No,Yes,Medium,0.11004858305934592
42,93699.0,5.0,2,8,16,4.0,Male,Urban,SUV,No,Yes,Low,0.3465550562537735
59,76795.0,57.5,1,1,2,2.0,Male,Rural,Sedan,Yes,Yes,Low,0.018389432859207105
39,129737.0,31.3,1,0,2,3.0,Male,Suburban,Sedan,Yes,Yes,Low,0.3356353889410623
27,134591.0,44.1,1,2,9,4.0,Male,Suburban,SUV,Yes,Yes,Low,0.7436331023359299
53,92744.0,34.1,1,8,5,5.0,Female,Urban,Truck,Yes,Yes,Low,0.7950255476646427
47,75980.0,52.9,2,2,1,4.0,Female,Suburban,Hatchback,Yes,Yes,Low,0.32397061719546444
53,120774.0,33.1,2,2,2,4.0,Male,Rural,SUV,Yes,Yes,Low,0.699896587925477
44,103320.0,47.1,1,2,2,1.0,Male,Rural,SUV,Yes,No,Low,0.0004966823853462404
42,75734.0,5.0,4,0,6,1.0,Female,Suburban,SUV,Yes,Yes,Low,0.010557178787974457
44,53847.0,5.0,2,3,3,5.0,Female,Suburban,Sedan,Yes,Yes,Low,0.652614233746744
41,111875.0,21.4,2,0,3,3.0,Female,Rural,SUV,Yes,Yes,Low,0.37710575690639847
41,96984.0,34.0,4,3,4,3.0,Female,Suburban,SUV,Yes,No,Low,0.0029075747151524355
65,82911.0,24.9,2,1,2,3.0,Male,Rural,SUV,Yes,No,Low,0.002096951546288847
65,81929.0,32.6,1,7,3,1.0,Female,Suburban,Sedan,Yes,No,Low,0.000390000953233601
25,119608.0,5.0,1,6,3,1.0,Male,Urban,Sedan,No,Yes,Medium,0.0017148117521914937
43,30000.0,38.2,2,8,14,3.0,Female,Urban,Sedan,Yes,Yes,Low,0.0596414857928142
44,80777.0,55.8,2,3,9,5.0,Male,Suburban,Sedan,Yes,Yes,Low,0.6916519143861491
47,97743.0,32.5,2,10,7,5.0,Male,Urban,SUV,No,No,Low,0.02549251982297319
44,84767.0,66.6,1,7,5,1.0,Male,Suburban,SUV,Yes,No,Low,0.00028688991040018777
50,114747.0,20.4,1,3,7,3.0,Female,Urban,Hatchback,Yes,Yes,Low,0.3510875124414612
65,114760.0,5.0,2,2,2,2.0,Male,Rural,SUV,Yes,Yes,Low,0.07756147611665024
41,67598.0,34.5,2,14,17,1.0,Female,Urban,Sedan,No,Yes,Low,0.0054937669546562765
46,51878.0,51.8,1,4,6,3.0,Female,Suburban,SUV,Yes,No,Low,0.002056332735141367
46,84839.0,27.4,2,8,7,5.0,Female,Urban,SUV,No,Yes,Low,0.72621695492038
32,145958.0,20.3,1,3,12,1.0,Female,Urban,SUV,No,Yes,Low,0.021836321482374126
58,101369.0,53.0,2,0,9,1.0,Female,Suburban,Sedan,Yes,Yes,Low,0.005317207726491805
66,106036.0,23.9,3,6,5,4.0,Male,Suburban,Sedan,Yes,Yes,Low,0.5068922884451725
59,91631.0,67.6,2,14,6,2.0,Male,Urban,SUV,No,No,Low,0.0003848958869193561
57,92813.0,34.8,2,6,9,1.0,Male,Suburban,Sedan,Yes,No,Low,0.0008717490522151766
37,116449.0,40.4,2,13,5,5.0,Male,Urban,Hatchback,No,Yes,Low,0.8076574685028912
27,82903.0,5.0,2,0,0,1.0,Male,Rural,Truck,Yes,No,Low,0.00034555423827088943
57,54469.0,5.0,1,8,3,1.0,Female,Urban,SUV,No,Yes,Medium,0.0005314614143047554
61,99546.0,42.0,2,4,6,3.0,Male,Suburban,Sedan,Yes,Yes,Low,0.17463787280485538
52,55791.0,50.7,1,1,7,5.0,Male,Suburban,Sedan,Yes,Yes,Low,0.6787536581510896
65,127950.0,31.1,1,7,2,2.0,Male,Suburban,Sedan,Yes,Yes,Low,0.17028930716625068
68,72224.0,5.0,1,2,7,3.0,Female,Suburban,Sedan,Yes,No,Low,0.002108072408712455
27,45615.0,41.2,2,3,10,5.0,Male,Urban,Truck,Yes,Yes,Low,0.487004585369054
48,30000.0,57.0,1,12,8,4.0,Male,Urban,SUV,Yes,No,Low,0.0014523893561271912
43,113826.0,32.5,2,3,3,1.0,Female,Suburban,Sedan,Yes,Yes,Low,0.019808672406059238
25,117949.0,54.2,1,3,5,1.0,Female,Suburban,Sedan,Yes,No,Low,0.000463717110379689
50,96588.0,5.0,1,2,3,5.0,Male,Rural,Sedan,Yes,Yes,Low,0.7930329021616415
38,90554.0,24.5,2,11,11,4.0,Female,Urban,SUV,Yes,No,Low,0.01152091101140797
57,94445.0,5.0,2,3,7,5.0,Female,Suburban,SUV,Yes,Yes,Low,0.7389535120736196
36,30000.0,36.9,2,1,2,4.0,Male,Suburban,SUV,Yes,Yes,Low,0.10659445683642516
30,78879.0,55.4,1,1,3,5.0,Female,Suburban,Sedan,Yes,Yes,Low,0.7221925893608319
47,102762.0,50.2,2,7,5,4.0,Male,Suburban,Sedan,Yes,No,Low,0.009978677569131598
69,137848.0,49.0,2,14,6,4.0,Male,Urban,Sedan,No,Yes,Low,0.6821584477405225
57,99878.0,5.0,2,14,7,5.0,Female,Urban,SUV,Yes,Yes,Low,0.7843396916609355
48,53431.0,58.9,2,1,0,3.0,Female,Rural,Hatchback,Yes,Yes,Low,0.06123152743993157
69,85915.0,25.4,2,4,15,5.0,Male,Urban,Sedan,No,Yes,Low,0.7151436752712803
51,30000.0,28.6,2,0,2,2.0,Female,Rural,Sedan,Yes,Yes,Low,0.009796099791862556
47,122674.0,5.0,4,7,3,5.0,Female,Suburban,SUV,Yes,Yes,Low,0.8813414432203736
49,51595.0,16.2,1,7,7,4.0,Female,Suburban,SUV,Yes,No,Low,0.008873012057398157
67,99424.0,5.0,2,9,19,4.0,Male,Urban,SUV,No,No,Low,0.005975851559672327
36,71700.0,38.7,1,1,0,2.0,Male,Rural,SUV,Yes,Yes,Low,0.03863144460499061
46,66522.0,46.8,2,7,8,2.0,Male,Suburban,Hatchback,No,Yes,Medium,0.0028715755626744356
42,86095.0,27.8,1,7,16,1.0,Female,Urban,Sedan,Yes,No,Low,0.0004710305172932615
31,87365.0,24.8,3,0,0,2.0,Male,Rural,Sedan,Yes,No,Low,0.0005719608307482943
29,46895.0,38.3,1,4,9,1.0,Female,Urban,Hatchback,No,Yes,High,5.261630744041577e-05
49,65802.0,55.2,1,6,5,1.0,Female,Urban,Hatchback,Yes,No,Low,0.00010430115201044254
43,174503.0,37.5,1,1,8,4.0,Female,Suburban,Sedan,Yes,Yes,Low,0.8994669515065418
43,91412.0,53.1,1,6,8,4.0,Male,Suburban,Sedan,No,No,Medium,0.0015866727056372384
40,105539.0,58.7,2,6,18,5.0,Male,Urban,Hatchback,No,Yes,Medium,0.382648639154878
36,68824.0,20.0,1,0,2,4.0,Male,Suburban,Hatchback,Yes,Yes,Low,0.4666491430513301
58,105796.0,20.1,3,11,3,3.0,Male,Urban,SUV,Yes,No,Low,0.005404667769826236
26,120989.0,76.9,1,2,4,1.0,Male,Urban,Truck,No,Yes,Medium,0.002264583355005515
39,108984.0,41.7,1,4,2,2.0,Female,Suburban,SUV,No,Yes,Low,0.10174563371499307
42,74052.0,5.0,2,7,6,4.0,Female,Urban,Sedan,No,Yes,Low,0.25369317923170087
62,106022.0,5.0,2,14,11,4.0,Female,Urban,Sedan,Yes,Yes,Low,0.5847415998129519
49,83819.0,9.5,2,3,9,2.0,Female,Suburban,Sedan,Yes,No,Low,0.0007308329425046447
34,81051.0,45.1,2,2,1,4.0,Male,Suburban,Sedan,Yes,Yes,Low,0.32242169816811245
53,107430.0,5.0,3,3,4,4.0,Female,Suburban,Sedan,Yes,No,Low,0.0152266837632588
53,63750.0,34.7,1,12,10,2.0,Female,Urban,SUV,Yes,No,Low,0.00012623286612646717
46,106059.0,44.4,2,2,1,2.0,Male,Rural,SUV,Yes,No,Low,0.0011795482790817307
28,126580.0,24.5,2,6,2,1.0,Male,Suburban,Sedan,Yes,No,Low,0.0005665009680120088
31,30000.0,52.0,2,10,13,3.0,Male,Urban,Truck,No,Yes,Medium,0.008419569937656381
52,105722.0,25.0,2,14,15,3.0,Male,Urban,SUV,No,Yes,Low,0.22940305193322247
56,96767.0,48.9,1,11,16,5.0,Female,Urban,SUV,No,Yes,Low,0.5789519412190641
58,60430.0,5.0,4,8,4,2.0,Female,Urban,Sedan,No,Yes,Medium,0.002446838155222419
36,62366.0,5.0,1,0,2,4.0,Male,Rural,Sedan,Yes,Yes,Low,0.11302583448304793
59,55988.0,56.0,2,5,6,4.0,Male,Suburban,Sedan,Yes,No,Low,0.0034228400015025393
41,30000.0,26.9,1,7,6,1.0,Male,Suburban,SUV,Yes,Yes,Low,0.001987699410684762
63,82645.0,43.9,1,4,3,2.0,Male,Suburban,Sedan,Yes,Yes,Low,0.040649968616440095
36,68765.0,27.2,1,2,2,2.0,Female,Rural,Sedan,Yes,Yes,Low,0.056903700619678234
44,77960.0,17.2,1,2,3,4.0,Female,Rural,SUV,Yes,No,Low,0.009294089007655012
66,85469.0,52.9,2,7,1,2.0,Female,Suburban,Sedan,Yes,Yes,Low,0.03400912643747396
40,91338.0,18.6,1,4,6,2.0,Female,Suburban,SUV,Yes,Yes,Low,0.053712610063816835
57,87468.0,43.7,1,14,19,1.0,Male,Urban,Sedan,Yes,Yes,Low,0.010899674034372845
59,30000.0,29.0,2,3,1,5.0,Male,Suburban,SUV,Yes,No,Low,0.003160370837501169
43,80631.0,15.2,1,9,14,4.0,Female,Urban,Sedan,No,Yes,Low,0.500074811276809
57,131879.0,52.0,1,1,3,5.0,Female,Rural,Hatchback,Yes,Yes,Low,0.8779350034318054
30,57546.0,55.2,2,2,3,2.0,Female,Rural,Sedan,Yes,Yes,Low,0.027757089796637886
64,73410.0,34.9,3,5,7,1.0,Male,Suburban,Sedan,Yes,No,Low,0.00029439151388272464
34,56563.0,40.2,2,1,3,2.0,Male,Rural,Hatchback,Yes,No,Low,0.0004968285428871994
69,89990.0,47.8,2,2,8,2.0,Male,Suburban,Sedan,Yes,No,Low,0.00043533231544543916
28,51321.0,39.3,1,11,8,1.0,Male,Urban,Sedan,Yes,Yes,Low,0.005750721897945934
25,87468.0,41.9,1,2,5,4.0,Male,Suburban,SUV,Yes,Yes,Low,0.3798488570109746
45,82997.0,5.0,1,3,6,2.0,Female,Suburban,SUV,Yes,No,Low,0.0006161165617063972
39,58137.0,37.5,3,14,3,1.0,Female,Urban,SUV,No,No,Low,0.0002486673093229525
59,105576.0,5.0,1,2,2,2.0,Female,Rural,SUV,Yes,Yes,Low,0.06023975997906504
63,105576.0,69.4,2,7,12,1.0,Male,Urban,Sedan,No,No,Medium,8.424600851578526e-05
36,63828.0,47.3,2,10,6,4.0,Male,Urban,Truck,Yes,Yes,Low,0.09562958154174331
69,115618.0,46.6,2,2,18,3.0,Female,Urban,Hatchback,Yes,Yes,Low,0.39334119798043654
32,81277.0,31.5,2,0,0,3.0,Female,Rural,SUV,Yes,Yes,Low,0.19009400405357266
48,99826.0,27.2,2,13,10,1.0,Female,Urban,Sedan,Yes,No,Low,0.00030366429055998394
56,94814.0,5.0,1,4,7,3.0,Female,Suburban,Hatchback,Yes,Yes,Low,0.25887203282256066
61,103122.0,31.2,2,4,9,5.0,Female,Urban,Sedan,No,Yes,Low,0.5472143799862674
53,55819.0,25.0,1,2,3,2.0,Male,Rural,SUV,Yes,Yes,Low,0.021459638245633583
42,117572.0,40.2,2,11,16,5.0,Male,Urban,Hatchback,No,Yes,Low,0.8053545826922608
65,30000.0,38.0,1,1,2,1.0,Female,Rural,Sedan,Yes,Yes,Low,0.0015450602651281022
66,122078.0,34.6,1,1,6,3.0,Male,Suburban,Sedan,Yes,No,Low,0.006547148533323062
47,73377.0,20.8,1,2,2,1.0,Female,Rural,Sedan,Yes,No,Low,0.00032912892746177647
57,88625.0,15.2,1,8,2,4.0,Male,Suburban,SUV,Yes,Yes,Low,0.634555130643253
29,119582.0,5.0,2,5,5,4.0,Female,Suburban,Sedan,Yes,No,Low,0.007385773763292348
44,83816.0,25.4,1,12,18,2.0,Male,Urban,SUV,No,Yes,Low,0.03171797826274762
64,121363.0,5.0,1,5,7,5.0,Female,Suburban,Sedan,Yes,Yes,Low,0.8644119603946485
44,30000.0,52.3,2,5,4,1.0,Male,Urban,SUV,No,Yes,Low,0.001906633898174107
61,89552.0,30.6,2,6,7,1.0,Male,Suburban,Sedan,Yes,Yes,Low,0.00891854447693023
33,66434.0,48.4,2,7,18,1.0,Male,Urban,Sedan,No,No,Low,0.00011439565907722535
25,52707.0,28.9,2,2,2,4.0,Female,Rural,Sedan,Yes,Yes,Low,0.23673063733641442
32,30000.0,5.0,2,2,5,5.0,Male,Suburban,SUV,Yes,Yes,Low,0.3493411689915143
44,122975.0,45.1,2,0,2,4.0,Male,Rural,SUV,Yes,Yes,Low,0.5746062654372432
27,72989.0,44.4,1,6,6,1.0,Male,Suburban,Sedan,Yes,No,Low,0.0002742303212431553
46,114079.0,40.1,1,4,4,3.0,Male,Suburban,Sedan,Yes,No,Low,0.008522388804300852
29,64980.0,20.3,2,7,9,2.0,Female,Suburban,SUV,Yes,No,Low,0.00048614480508314
30,107750.0,22.8,2,9,6,5.0,Female,Urban,Hatchback,Yes,Yes,Low,0.819917648921149
62,93314.0,38.8,2,0,8,1.0,Male,Suburban,SUV,Yes,Yes,Low,0.010810370556915484
67,30000.0,43.6,3,3,3,3.0,Male,Urban,Sedan,No,No,Low,0.0006479601728123737
45,70905.0,56.6,2,4,8,3.0,Female,Suburban,Sedan,No,Yes,Medium,0.02205498541603813
32,99766.0,20.6,3,13,15,5.0,Male,Urban,SUV,Yes,Yes,Low,0.6743309640954215
32,66792.0,5.0,2,0,0,2.0,Other,Rural,Sedan,Yes,Yes,Low,0.0119855711839779
34,30000.0,58.7,2,8,4,5.0,Female,Urban,Sedan,No,Yes,Low,0.22085753439914896
27,97985.0,19.8,1,1,3,2.0,Male,Rural,SUV,Yes,Yes,Low,0.08936779520116714
29,81844.0,5.0,1,9,5,2.0,Female,Urban,SUV,No,No,Low,0.0005359118321515365
32,124809.0,22.9,2,8,14,5.0,Male,Urban,Sedan,Yes,Yes,Low,0.9660649998335233
53,86077.0,54.4,3,7,16,2.0,Male,Urban,SUV,No,Yes,Low,0.04345796596973787
57,30000.0,34.4,1,2,3,3.0,Male,Rural,SUV,Yes,Yes,Low,0.04306914181065666
67,82481.0,5.0,1,1,0,5.0,Female,Rural,Hatchback,Yes,Yes,Low,0.7052193323369678
43,87948.0,53.3,2,1,9,1.0,Male,Suburban,Hatchback,Yes,No,Low,0.0003401571799395371
44,55879.0,19.5,1,2,2,5.0,Male,Rural,Sedan,Yes,Yes,Low,0.7376425453586485
50,66514.0,22.0,2,14,14,3.0,Male,Urban,Sedan,Yes,No,Low,0.001103146218876778
32,124299.0,5.0,2,2,14,3.0,Male,Urban,Truck,Yes,No,Low,0.007007789487728355
61,123749.0,26.8,2,4,8,5.0,Female,Urban,Sedan,No,Yes,Low,0.7840084921103458
69,111277.0,5.0,2,9,17,2.0,Male,Urban,Sedan,No,Yes,Low,0.0979399394980528
29,84530.0,5.0,1,2,2,2.0,Male,Rural,Truck,Yes,Yes,Low,0.03261111735379241
48,78476.0,35.7,1,13,4,1.0,Male,Urban,Truck,No,No,Low,0.0003762777257093349
36,91295.0,5.0,2,1,5,2.0,Female,Suburban,SUV,Yes,Yes,Low,0.0412018615605691
63,74861.0,46.6,1,3,9,1.0,Female,Suburban,SUV,Yes,No,Low,0.0003188606176624815
43,139891.0,28.7,2,4,4,3.0,Male,Suburban,SUV,Yes,Yes,Low,0.4824747018031427
35,111729.0,27.3,1,3,8,2.0,Male,Urban,Sedan,Yes,No,Low,0.001680901205866882
67,56913.0,35.3,1,8,17,2.0,Female,Urban,Sedan,No,No,Low,0.00029478176386495754
30,58652.0,28.4,2,5,8,2.0,Male,Suburban,Sedan,Yes,Yes,Low,0.006020931647100223
35,78834.0,48.9,1,6,18,3.0,Male,Urban,Truck,Yes,No,Low,0.0027672330927378114
55,73569.0,64.4,2,0,5,1.0,Male,Suburban,SUV,Yes,Yes,Low,0.005623614092193414
27,65801.0,5.0,2,3,5,1.0,Male,Suburban,Sedan,Yes,Yes,Low,0.0053777078430788565
61,52736.0,39.5,2,6,12,2.0,Female,Urban,Sedan,No,No,Medium,0.00017179021315924514
48,51862.0,50.7,3,2,2,1.0,Male,Rural,SUV,Yes,No,Low,0.0002857832188966629
28,133964.0,64.5,2,1,3,1.0,Female,Rural,Sedan,Yes,No,Low,0.0007174056985020294
45,81451.0,43.0,3,3,16,1.0,Female,Urban,Sedan,Yes,Yes,Low,0.009649577589444212
51,51903.0,24.4,3,3,7,2.0,Female,Suburban,Sedan,Yes,No,Low,0.0003475553123838747
59,95766.0,33.0,1,1,3,1.0,Female,Rural,Hatchback,Yes,Yes,Low,0.011850633970498178
54,77960.0,27.7,1,10,8,2.0,Female,Urban,SUV,No,No,Low,0.0006442554466095391
46,64927.0,33.4,2,2,0,4.0,Female,Rural,Hatchback,Yes,No,Low,0.00467019957881998
51,93028.0,21.2,2,9,19,4.0,Male,Urban,Sedan,No,Yes,Low,0.40354902484620014
33,82903.0,49.2,2,1,3,5.0,Female,Rural,SUV,Yes,No,Low,0.021694601775960005
46,100997.0,24.2,2,7,9,3.0,Female,Suburban,Hatchback,Yes,Yes,Low,0.28598279477465194
43,30000.0,5.0,2,4,5,2.0,Male,Suburban,Sedan,Yes,No,Low,0.0002565805705500725
34,131789.0,54.4,2,7,4,3.0,Female,Urban,Sedan,Yes,Yes,Low,0.3958277742164624
46,110564.0,5.0,4,3,10,4.0,Male,Urban,Hatchback,No,No,Low,0.03040871455882631
57,121085.0,44.0,2,13,7,4.0,Female,Urban,Sedan,No,No,Low,0.011982549104997596
53,74460.0,61.0,2,2,3,4.0,Male,Rural,SUV,Yes,Yes,Low,0.3577362439063373
52,85132.0,45.4,2,2,13,4.0,Female,Urban,Sedan,No,Yes,Medium,0.15524090260784384
29,104988.0,16.3,1,0,3,2.0,Female,Rural,Sedan,Yes,Yes,Low,0.07305500207292696
64,120863.0,44.2,3,3,12,5.0,Female,Urban,SUV,No,Yes,Low,0.8052607350248622
30,86924.0,36.8,2,9,10,4.0,Male,Urban,SUV,No,Yes,Low,0.36897215404476746
56,86042.0,42.2,1,13,6,3.0,Female,Urban,Sedan,No,No,Low,0.0032662362666576296
50,113935.0,56.6,1,2,1,4.0,Female,Rural,Sedan,Yes,Yes,Low,0.6186173926173215
40,80787.0,54.3,1,11,8,3.0,Male,Urban,Sedan,Yes,Yes,Low,0.1614997516964444
44,79548.0,20.8,2,13,18,3.0,Male,Urban,Sedan,No,Yes,Low,0.1487411850918709
54,96588.0,16.3,1,4,5,5.0,Male,Suburban,Sedan,Yes,Yes,Low,0.8450165196781336
43,93427.0,27.9,1,13,11,2.0,Female,Urban,SUV,No,No,Low,0.0007621002685642654
55,30000.0,54.1,1,10,3,4.0,Female,Urban,SUV,No,No,Medium,0.0003775056052354357
47,123434.0,34.5,3,5,3,1.0,Female,Suburban,SUV,Yes,Yes,Low,0.0193786061411824
45,121053.0,5.0,1,12,8,2.0,Female,Urban,Sedan,No,No,Low,0.000954172853640144
40,119765.0,5.0,1,14,7,4.0,Male,Urban,Sedan,No,Yes,Low,0.41325667241584013
54,143987.0,40.3,3,3,6,1.0,Male,Urban,SUV,No,No,Low,0.0010298729506044366
30,133381.0,5.3,1,5,6,1.0,Female,Suburban,SUV,Yes,No,Low,0.0006662588040025285
69,97563.0,5.0,1,5,18,4.0,Male,Urban,Sedan,No,No,Low,0.007805084068627675
66,148894.0,44.1,1,0,0,5.0,Male,Rural,SUV,Yes,Yes,Low,0.8935301699272282
40,30000.0,5.6,1,5,1,5.0,Male,Suburban,SUV,Yes,Yes,Low,0.32170937505702496
69,109318.0,53.3,1,14,16,4.0,Female,Urban,Sedan,Yes,Yes,Low,0.7035471265337815
54,93031.0,21.3,2,14,4,1.0,Male,Urban,Hatchback,No,Yes,Low,0.011602761310635881
48,91613.0,5.0,1,7,11,4.0,Male,Urban,SUV,Yes,Yes,Low,0.49240068930429626
41,77274.0,11.5,2,12,9,1.0,Female,Urban,Sedan,No,No,Low,0.000338802242428529
49,30000.0,45.7,2,3,9,3.0,Female,Suburban,SUV,Yes,No,Low,0.0007400745623468188
28,30000.0,24.0,2,0,2,5.0,Female,Suburban,Sedan,Yes,Yes,Low,0.3017944069854793
29,94032.0,5.0,3,7,5,5.0,Female,Suburban,SUV,Yes,Yes,Low,0.7474211672405283
66,99826.0,50.2,1,3,9,3.0,Female,Urban,SUV,No,No,Medium,0.0007464751412897877
59,77902.0,32.3,3,7,4,2.0,Male,Suburban,Sedan,Yes,Yes,Low,0.02278962864841838
41,43893.0,5.0,2,6,9,2.0,Female,Suburban,Sedan,Yes,Yes,Low,0.007364657136753159
41,82465.0,37.3,1,0,3,5.0,Female,Suburban,Sedan,Yes,No,Low,0.0200640789582825
30,91882.0,5.0,2,9,5,5.0,Other,Urban,SUV,Yes,No,Low,0.030951825236273857
44,97985.0,49.4,1,4,7,2.0,Male,Suburban,SUV,Yes,Yes,Low,0.05009335104820472
28,104441.0,38.8,1,0,3,3.0,Male,Rural,Sedan,Yes,Yes,Low,0.35517143038736976
69,30000.0,41.4,2,2,17,3.0,Male,Urban,Truck,No,No,Low,0.0006030186790739199
58,100984.0,44.4,2,7,19,2.0,Male,Urban,Sedan,Yes,No,Low,0.0005722594266475127
39,107730.0,5.0,1,2,5,2.0,Male,Urban,SUV,No,Yes,Medium,0.017401218173159635
26,82450.0,33.0,1,1,1,5.0,Female,Rural,Sedan,Yes,No,Low,0.025671938364508973
27,104848.0,42.9,2,1,1,3.0,Female,Rural,SUV,Yes,No,Low,0.005543363914190301
47,68629.0,42.4,2,7,8,3.0,Male,Urban,Sedan,Yes,Yes,Low,0.2788682154737532
42,30000.0,18.2,2,3,6,1.0,Male,Suburban,SUV,Yes,Yes,Low,0.0018517542123294094
51,95539.0,5.0,1,1,1,4.0,Female,Suburban,Sedan,Yes,Yes,Low,0.5889161519953653
45,74981.0,5.0,1,4,8,4.0,Male,Urban,Sedan,Yes,Yes,Low,0.2508298720785975
64,64488.0,33.4,3,5,9,3.0,Other,Urban,Sedan,No,Yes,Medium,0.005733697895128887
49,123397.0,40.7,1,12,10,3.0,Female,Urban,SUV,No,Yes,Low,0.35834247232258853
55,58652.0,46.7,2,7,9,2.0,Female,Suburban,Sedan,Yes,Yes,Low,0.006713029688729239
48,79830.0,67.4,2,2,2,2.0,Female,Rural,SUV,Yes,Yes,Low,0.008810187224450951
28,77425.0,41.2,2,2,4,1.0,Male,Suburban,Sedan,Yes,Yes,Low,0.0066843131290505505
33,102751.0,22.1,1,0,7,5.0,Female,Suburban,SUV,Yes,Yes,Low,0.8328489267632218
69,101286.0,55.2,2,0,3,5.0,Male,Rural,SUV,Yes,Yes,Low,0.8327239609144357
30,67470.0,38.3,3,0,1,1.0,Female,Rural,Sedan,Yes,Yes,Low,0.00822363439549485
51,123577.0,17.7,2,0,5,5.0,Female,Suburban,Sedan,Yes,Yes,Low,0.9038824425556986
34,30000.0,58.5,3,3,8,3.0,Female,Urban,SUV,Yes,Yes,Low,0.03460144461671186
40,30000.0,30.4,1,3,7,2.0,Female,Urban,Sedan,No,No,Medium,4.838885242109894e-05
57,78722.0,31.5,2,5,2,5.0,Female,Suburban,Sedan,Yes,No,Low,0.023723868233496412
25,93035.0,24.8,2,14,17,2.0,Male,Urban,Sedan,No,No,Low,0.0006274205094145195
32,30000.0,34.0,2,6,8,4.0,Male,Urban,Sedan,No,Yes,Low,0.10577158964678235
50,30000.0,50.5,1,4,5,1.0,Male,Suburban,Sedan,Yes,Yes,Low,0.002274784628024381
60,61701.0,30.5,2,7,6,4.0,Male,Suburban,Sedan,Yes,Yes,Low,0.3213394409031737
31,154527.0,38.0,2,2,13,2.0,Female,Urban,Sedan,No,Yes,Low,0.06980853312737666
62,148825.0,50.3,1,2,2,3.0,Male,Rural,SUV,Yes,Yes,Low,0.42715953444783383
36,151911.0,57.7,2,7,3,5.0,Male,Suburban,SUV,Yes,Yes,Low,0.8896896598426294
26,85131.0,35.7,2,14,7,1.0,Male,Urban,Sedan,Yes,Yes,Low,0.013759829191360968
54,91813.0,37.1,3,0,5,4.0,Male,Suburban,Sedan,Yes,Yes,Low,0.5690425922396944
58,101633.0,54.3,2,3,8,5.0,Female,Suburban,Sedan,Yes,No,Low,0.021093946097212275
40,30000.0,15.4,1,1,0,2.0,Female,Rural,SUV,Yes,Yes,Low,0.009472824941787004
59,91613.0,39.2,1,13,15,5.0,Male,Urban,SUV,Yes,Yes,Low,0.7719536708515116
40,94701.0,25.0,2,2,1,5.0,Male,Rural,Sedan,Yes,Yes,Low,0.6941157355442451
66,76638.0,49.9,2,1,3,2.0,Female,Rural,Hatchback,Yes,No,Low,0.0003906723706931011
54,104090.0,24.4,2,10,13,1.0,Male,Urban,Sedan,No,No,Low,0.00038425504321679897
52,82499.0,5.0,1,2,9,2.0,Male,Urban,Truck,No,No,Low,0.000684721696869698
35,72971.0,20.0,2,1,1,5.0,Male,Rural,Sedan,Yes,Yes,Low,0.628921880464741
28,30000.0,26.1,2,1,5,3.0,Male,Suburban,Sedan,Yes,No,Low,0.0008532945719462872
53,96869.0,33.8,1,1,2,3.0,Female,Suburban,Sedan,No,Yes,Medium,0.022346704949492393
45,82436.0,55.6,1,10,3,1.0,Female,Urban,SUV,No,No,High,1.1751908781983763e-05
54,88861.0,20.4,1,5,3,3.0,Female,Suburban,SUV,Yes,No,Low,0.0036128001598526973
39,77528.0,5.0,1,6,9,4.0,Male,Suburban,Sedan,No,No,Medium,0.0012950393095914874
41,122564.0,54.4,1,11,14,3.0,Female,Urban,Sedan,Yes,Yes,Low,0.28703715778909633
46,123547.0,5.0,2,11,9,1.0,Male,Urban,SUV,No,Yes,Low,0.018745299979348585
50,65409.0,5.0,2,12,10,3.0,Male,Urban,SUV,Yes,No,Low,0.0005580183736392042
41,60430.0,11.0,2,14,10,3.0,Male,Urban,Sedan,No,No,Low,0.0006787857691786968
50,30000.0,5.0,1,10,12,4.0,Female,Urban,SUV,No,Yes,Low,0.10492759866354903
50,74472.0,31.6,2,6,5,3.0,Female,Suburban,SUV,Yes,No,Low,0.0017786583995439858
65,30000.0,5.0,2,6,12,3.0,Male,Urban,SUV,No,Yes,Low,0.03840830582932479
26,105917.0,33.8,4,3,8,5.0,Male,Suburban,SUV,Yes,Yes,Low,0.8122949689757069
37,75953.0,46.2,2,2,7,1.0,Female,Suburban,Sedan,Yes,Yes,Low,0.004099934086360836
61,65726.0,23.6,2,0,2,3.0,Male,Rural,Sedan,Yes,No,Low,0.001982026245824674
25,76796.0,41.9,3,2,9,4.0,Female,Suburban,SUV,No,No,Low,0.003944008404945727
60,90557.0,38.6,1,11,11,4.0,Female,Urban,SUV,No,No,Low,0.012072966518358187
68,90739.0,37.7,1,0,8,2.0,Female,Suburban,Sedan,Yes,No,Low,0.0006684359139057574
51,66975.0,5.0,2,3,4,3.0,Male,Urban,Sedan,Yes,No,Low,0.0022728827975829723
58,69434.0,34.0,2,4,11,1.0,Female,Urban,SUV,No,Yes,Low,0.01087586351056975
25,94251.0,5.0,1,1,2,3.0,Female,Rural,SUV,Yes,Yes,Low,0.23777300334217003
39,89504.0,40.7,1,3,8,1.0,Female,Suburban,SUV,Yes,No,Low,0.0004132255455882147
28,81438.0,21.3,1,0,9,3.0,Male,Suburban,Hatchback,Yes,Yes,Low,0.1605053816661807
65,74568.0,5.0,2,0,7,1.0,Female,Suburban,Sedan,Yes,No,Low,0.00023126846498545072
41,143044.0,55.8,2,10,5,2.0,Female,Urban,Sedan,No,No,Medium,0.0011314587938972105
49,128429.0,33.1,1,8,19,2.0,Male,Urban,Sedan,Yes,No,Low,0.002647776962584123
58,88907.0,39.3,1,2,13,5.0,Female,Urban,Sedan,No,Yes,Low,0.6120109687827924
47,108480.0,15.3,1,2,3,2.0,Female,Urban,SUV,Yes,No,Low,0.0030461726709701503
65,94308.0,24.2,3,7,3,4.0,Female,Suburban,Sedan,Yes,Yes,Low,0.4302263788872558
49,67338.0,5.0,2,1,9,1.0,Female,Suburban,Sedan,Yes,No,Low,0.00018817590264891767
43,72270.0,27.0,1,1,4,1.0,Female,Suburban,Sedan,Yes,No,Low,0.00020590833516468199
60,103331.0,51.9,1,12,4,1.0,Female,Urban,SUV,No,Yes,Low,0.010335834266244823
61,88889.0,48.8,2,1,1,1.0,Female,Rural,Hatchback,Yes,Yes,Low,0.010278609280722677
31,107701.0,56.9,2,3,6,1.0,Male,Suburban,SUV,No,Yes,Medium,0.0018327243914841983
26,30000.0,5.0,1,1,3,2.0,Other,Suburban,SUV,Yes,Yes,Low,0.006107332948297267
41,54884.0,59.0,2,11,5,1.0,Female,Urban,Hatchback,Yes,Yes,Low,0.0037802467363361224
55,49648.0,5.0,2,1,3,1.0,Female,Rural,SUV,Yes,No,Low,8.661625326890587e-05
46,47899.0,63.7,4,5,15,3.0,Male,Urban,Hatchback,No,Yes,Low,0.014368063538626682
35,30000.0,17.3,2,1,2,3.0,Male,Suburban,SUV,Yes,Yes,Low,0.061072138067094696
35,66517.0,74.0,1,5,18,1.0,Male,Urban,Sedan,No,Yes,Medium,0.0003091697259851084
60,56686.0,29.4,1,2,3,5.0,Female,Rural,Sedan,Yes,No,Low,0.015130689309383301
29,103587.0,5.0,1,4,7,2.0,Male,Urban,Sedan,Yes,Yes,Low,0.05340623665347673
25,67575.0,23.7,2,0,0,3.0,Female,Rural,Sedan,Yes,No,Low,0.0018653998550513561
47,92319.0,5.0,2,7,3,5.0,Female,Suburban,Hatchback,Yes,Yes,Low,0.8044925247892141
46,84789.0,68.7,2,7,5,2.0,Male,Urban,SUV,No,Yes,Medium,0.005482821104926935
36,139891.0,27.1,2,6,8,1.0,Male,Suburban,Sedan,Yes,Yes,Low,0.01962608322328107
27,144650.0,34.8,2,5,18,5.0,Female,Urban,SUV,No,Yes,Low,0.9117887277243195
39,102777.0,25.6,1,7,8,3.0,Female,Suburban,Sedan,Yes,Yes,Low,0.28220246358483986
69,86095.0,46.8,3,7,4,1.0,Male,Suburban,Sedan,Yes,No,Low,0.00037148957449107333
63,56549.0,30.8,1,14,16,4.0,Male,Urban,SUV,No,Yes,Low,0.24671382729508223
35,94036.0,39.4,2,1,9,5.0,Female,Suburban,Truck,Yes,Yes,Low,0.8046103697600617
36,64411.0,28.9,1,1,2,3.0,Female,Rural,Truck,Yes,No,Medium,0.0004251568703658902
28,51460.0,47.9,1,0,3,4.0,Male,Suburban,Sedan,Yes,No,Low,0.0036085166567205746
57,122486.0,44.8,1,13,14,5.0,Male,Urban,Sedan,No,Yes,Low,0.841140736224943
55,57865.0,55.3,2,7,15,5.0,Female,Urban,Hatchback,No,Yes,Medium,0.3107371202753975
31,138414.0,50.4,1,5,15,4.0,Male,Urban,SUV,No,No,Low,0.01692629719035511
45,86886.0,5.0,1,2,6,1.0,Male,Suburban,Hatchback,Yes,Yes,Low,0.008067842211334157
40,76949.0,43.0,2,7,10,2.0,Female,Urban,SUV,Yes,Yes,Low,0.019171084966269847
32,133785.0,5.0,3,6,17,4.0,Male,Urban,Sedan,No,No,Low,0.01354823144171354
60,84839.0,5.0,1,6,9,2.0,Male,Suburban,SUV,Yes,Yes,Low,0.03787741998881601
41,30000.0,35.8,1,1,1,2.0,Female,Rural,Sedan,Yes,No,Low,0.00021247796833331032
40,62393.0,15.5,3,9,16,2.0,Female,Urban,Sedan,No,Yes,Low,0.006003545888197039
69,46468.0,5.0,1,2,2,3.0,Female,Rural,Sedan,Yes,Yes,Low,0.03773553510750752
67,108759.0,53.7,2,5,3,4.0,Male,Urban,SUV,No,Yes,High,0.004948349681243715
68,66516.0,5.0,2,0,0,5.0,Female,Rural,Truck,Yes,Yes,Low,0.2746921139460943
45,30000.0,51.2,1,5,9,2.0,Female,Urban,Sedan,No,Yes,Low,0.0035298953887170715
43,130776.0,45.2,2,7,3,4.0,Male,Suburban,SUV,Yes,Yes,Low,0.7327040292704861
40,102647.0,22.0,2,2,10,4.0,Male,Urban,Sedan,No,Yes,Low,0.4684511223747906
62,122980.0,5.0,1,2,8,4.0,Male,Suburban,Sedan,Yes,Yes,Low,0.6297898058830297
36,87466.0,38.0,1,9,5,1.0,Male,Urban,Truck,No,No,Medium,0.00015126396940875756
46,85629.0,5.0,2,7,9,2.0,Male,Suburban,Sedan,Yes,Yes,Low,0.04141909738851318
44,78566.0,5.0,1,7,11,4.0,Female,Urban,SUV,Yes,No,Low,0.008597802669668406
43,110725.0,34.5,1,3,9,1.0,Male,Suburban,Sedan,Yes,Yes,Low,0.02026894149403228
69,45918.0,5.0,1,3,17,4.0,Other,Urban,SUV,No,Yes,Low,0.1705020232826684
49,113601.0,55.9,2,0,0,4.0,Male,Rural,Sedan,Yes,Yes,Low,0.6636595264354795
29,30000.0,22.3,1,6,8,1.0,Female,Suburban,Sedan,No,Yes,Low,0.0013451050331731815
54,134501.0,76.6,1,1,8,3.0,Male,Suburban,Sedan,No,No,Medium,0.0018902540679936674
30,62489.0,52.4,1,3,2,1.0,Male,Suburban,Hatchback,Yes,No,Low,5.031252493983982e-05
62,58355.0,58.5,4,7,3,3.0,Male,Suburban,SUV,Yes,Yes,Low,0.03324399729373621
40,113050.0,39.7,2,5,3,3.0,Male,Suburban,Hatchback,Yes,Yes,Low,0.3329462129146769
50,124058.0,52.8,2,2,0,3.0,Male,Rural,SUV,Yes,Yes,Low,0.35494971583411833
40,121363.0,43.7,2,0,6,1.0,Male,Suburban,SUV,Yes,No,Low,0.0005722860633230065
48,121075.0,33.9,1,9,9,2.0,Male,Urban,Sedan,Yes,No,Low,0.0015619877005852512
48,89501.0,18.2,2,4,6,2.0,Male,Suburban,Sedan,Yes,Yes,Low,0.034717854712570356
56,108831.0,5.0,1,5,6,1.0,Male,Urban,Sedan,No,No,Low,0.00047848325516188195
50,64637.0,38.2,3,7,3,3.0,Female,Suburban,SUV,Yes,Yes,Low,0.04571407006364302
47,82977.0,17.3,2,5,6,5.0,Female,Suburban,SUV,Yes,Yes,Low,0.7092475118240166
39,81533.0,5.0,1,8,7,1.0,Female,Urban,SUV,No,No,Low,0.0005336129510407614
48,85213.0,31.5,1,0,1,1.0,Male,Rural,Sedan,Yes,Yes,Low,0.01044055643727406
68,73361.0,5.0,1,2,8,2.0,Male,Urban,Truck,Yes,Yes,Low,0.010963718212086642
32,30000.0,57.1,1,5,4,5.0,Male,Suburban,Sedan,Yes,No,Low,0.004015455653313597
26,30000.0,54.8,2,1,3,4.0,Male,Rural,SUV,Yes,No,Low,0.0025286311403231562
31,121433.0,45.4,2,0,9,2.0,Male,Suburban,Sedan,Yes,Yes,Low,0.06899254624114393
56,112579.0,46.1,3,1,1,5.0,Male,Rural,SUV,Yes,Yes,Low,0.8477574310806952
59,82325.0,28.4,2,7,4,3.0,Female,Suburban,SUV,Yes,Yes,Low,0.17787941367562873
41,104555.0,45.7,2,4,17,4.0,Female,Urban,SUV,Yes,Yes,Low,0.4953986922913362
55,120748.0,5.0,2,2,1,2.0,Male,Rural,SUV,Yes,Yes,Low,0.1043653982060306
40,95539.0,21.3,1,2,4,5.0,Female,Urban,SUV,Yes,Yes,Low,0.7742932647981771
33,83960.0,5.0,1,11,17,2.0,Male,Urban,SUV,No,No,Low,0.0004664735868599769
29,103847.0,40.6,2,12,19,3.0,Male,Urban,Sedan,No,Yes,Low,0.2190871778611116
38,91361.0,51.0,1,1,3,3.0,Male,Rural,Sedan,Yes,Yes,Low,0.25297942333301804
31,140600.0,5.0,1,1,3,1.0,Male,Suburban,Sedan,Yes,Yes,Low,0.028787177395299242
61,110945.0,35.2,4,7,4,2.0,Female,Suburban,SUV,Yes,No,Low,0.00161316640933343
64,64896.0,5.0,1,6,4,1.0,Male,Suburban,Sedan,Yes,No,Low,0.00014731809510959122
25,30000.0,58.7,3,1,2,2.0,Female,Rural,Sedan,Yes,No,Low,0.00028810815274608875
67,71241.0,41.4,1,5,7,2.0,Male,Urban,Sedan,No,Yes,Medium,0.005945010986407221
34,74481.0,41.3,1,1,8,3.0,Other,Suburban,Hatchback,No,Yes,Medium,0.02272217507768811
26,119463.0,22.6,2,9,14,5.0,Male,Urban,Sedan,No,No,Low,0.041085138029800836
43,60411.0,23.2,1,5,4,5.0,Male,Suburban,Sedan,Yes,No,Low,0.0046442870210050054
35,94906.0,38.5,2,2,8,3.0,Male,Suburban,Truck,Yes,Yes,Low,0.2579148124308176
43,78174.0,51.8,2,5,6,1.0,Male,Suburban,Sedan,Yes,No,Low,0.0002642496564856808
46,129551.0,44.9,2,5,7,5.0,Male,Suburban,Sedan,Yes,Yes,Low,0.9838498301903449
30,121160.0,59.3,2,12,5,3.0,Female,Urban,SUV,Yes,No,Low,0.005034260111100683
69,136536.0,41.0,2,1,3,3.0,Male,Rural,Sedan,Yes,Yes,Low,0.5090857661670375
35,75908.0,47.8,1,13,11,1.0,Male,Urban,SUV,Yes,No,Low,0.00026584419553205647
67,91818.0,53.3,1,0,1,1.0,Female,Rural,Sedan,Yes,No,Low,0.00035025881133114934
29,30000.0,39.5,2,8,18,1.0,Male,Urban,SUV,No,Yes,Medium,0.0005696657885763262
27,125866.0,51.8,3,6,11,5.0,Female,Urban,Sedan,No,Yes,Low,0.8893448161243538
60,80728.0,49.8,2,6,14,4.0,Female,Urban,Sedan,No,No,Low,0.003896040089199691
47,113978.0,21.0,1,0,0,1.0,Female,Rural,Sedan,Yes,Yes,Low,0.02134333894482601
50,101268.0,5.0,1,0,3,4.0,Male,Suburban,Sedan,Yes,Yes,Low,0.4214576108162944
27,73462.0,38.2,1,5,11,3.0,Female,Urban,SUV,No,Yes,Low,0.13766849607943338
34,59242.0,5.0,2,6,8,5.0,Male,Suburban,Sedan,Yes,Yes,Low,0.2040750207794388
51,168878.0,5.0,2,12,12,5.0,Female,Urban,Sedan,Yes,Yes,Low,0.9526816235007054
26,77589.0,55.9,2,11,10,4.0,Male,Urban,Truck,Yes,No,Low,0.008375024970088548
34,103724.0,22.3,2,2,0,3.0,Male,Rural,Sedan,Yes,No,Low,0.003968644329077647
67,91613.0,48.5,2,4,16,5.0,Male,Urban,Sedan,No,Yes,Low,0.6580810711016456
55,69982.0,51.8,1,7,7,2.0,Male,Suburban,SUV,Yes,Yes,Low,0.02436995238899723
31,101737.0,5.0,3,2,9,3.0,Female,Suburban,Sedan,Yes,Yes,Low,0.243614889135007
49,30000.0,51.8,2,7,9,4.0,Male,Suburban,SUV,Yes,No,Low,0.0021508792484521587
27,30000.0,5.0,1,0,1,4.0,Female,Rural,SUV,Yes,Yes,Low,0.14875917809019915
30,30000.0,48.1,1,5,3,2.0,Female,Suburban,Truck,Yes,Yes,Low,0.003895009238999491
26,104546.0,49.9,2,5,4,4.0,Male,Suburban,Sedan,Yes,Yes,Low,0.5264793930116175
43,30000.0,52.5,1,6,6,4.0,Female,Suburban,Sedan,No,Yes,Medium,0.018663025038337333
30,95593.0,52.4,1,13,10,2.0,Female,Urban,SUV,Yes,No,Low,0.0007250545352870633
40,30000.0,31.8,1,2,1,4.0,Female,Rural,Sedan,Yes,Yes,Low,0.1030471831507955
27,95149.0,5.0,2,3,16,1.0,Male,Urban,Hatchback,Yes,Yes,Low,0.006685426157529106
67,101344.0,5.0,2,6,19,5.0,Other,Urban,Sedan,No,No,Low,0.020016314619722413
48,96437.0,41.0,2,2,5,3.0,Female,Urban,Sedan,Yes,No,Low,0.004251497996200636
29,101182.0,54.5,1,1,0,1.0,Female,Rural,Sedan,Yes,No,Low,0.00033407965243359287
49,69434.0,48.5,2,4,12,3.0,Female,Urban,SUV,No,Yes,Medium,0.08172246341282899
69,122474.0,40.8,1,3,15,2.0,Male,Urban,Hatchback,No,No,Low,0.0016057020278473627
48,30000.0,5.0,2,12,13,4.0,Male,Urban,SUV,No,Yes,Low,0.10686376637456714
43,101344.0,18.1,2,0,3,2.0,Female,Suburban,Sedan,Yes,No,Low,0.0010987674075726098
69,71095.0,16.8,1,2,6,4.0,Female,Urban,Sedan,No,Yes,Low,0.360315200284441
34,105318.0,67.2,1,2,2,3.0,Female,Rural,Sedan,Yes,Yes,Low,0.0685618165182268
61,65746.0,31.9,2,5,7,3.0,Male,Suburban,Sedan,Yes,Yes,Low,0.05052054384528147
55,68967.0,54.5,3,1,6,2.0,Male,Suburban,SUV,Yes,No,Low,0.000802738689653359
35,71722.0,5.0,1,7,4,1.0,Male,Suburban,Sedan,Yes,Yes,Low,0.008440160397196004
47,94863.0,35.4,2,3,19,2.0,Female,Urban,Sedan,Yes,Yes,Low,0.03771546714985398
26,62636.0,5.0,1,2,3,2.0,Male,Rural,Sedan,Yes,No,Low,0.00016089359943887544
30,62943.0,30.3,1,6,6,1.0,Male,Urban,SUV,No,Yes,Low,0.0005629024723194559
60,133907.0,51.8,2,3,6,4.0,Male,Suburban,Sedan,Yes,No,Low,0.013806619132817183
30,142081.0,31.7,3,5,8,2.0,Female,Suburban,SUV,Yes,No,Low,0.003800906631368825
27,77903.0,5.0,2,0,7,3.0,Female,Suburban,SUV,Yes,Yes,Low,0.22609376839788214
53,123763.0,57.9,2,2,2,3.0,Male,Suburban,Sedan,Yes,Yes,Low,0.4384839014119043
62,60748.0,36.8,1,0,7,4.0,Male,Suburban,Sedan,Yes,Yes,Low,0.08179907858864074
39,86844.0,34.5,2,0,5,2.0,Male,Suburban,SUV,Yes,No,Low,0.0007477554255551381
39,61610.0,5.0,1,1,0,3.0,Female,Rural,Sedan,Yes,Yes,Low,0.2151250024161212
64,60499.0,5.0,1,7,5,4.0,Male,Urban,Sedan,Yes,Yes,Low,0.06255252936243373
49,84529.0,50.5,2,2,3,1.0,Female,Urban,Sedan,Yes,No,Low,0.0004463758180783949
58,113978.0,40.6,3,2,3,2.0,Male,Rural,Sedan,Yes,No,Low,0.0012279133705048544
65,78973.0,67.1,1,4,1,2.0,Male,Suburban,Hatchback,Yes,Yes,Low,0.012825659505339398
48,99800.0,22.0,2,8,18,5.0,Male,Urban,SUV,No,Yes,Low,0.6536952137751877
34,125870.0,20.6,1,2,3,1.0,Male,Rural,Sedan,Yes,Yes,Low,0.01617836235175345
32,105714.0,46.9,1,2,1,2.0,Female,Rural,SUV,Yes,Yes,Low,0.06895520085150507
52,70905.0,33.0,2,2,3,1.0,Male,Suburban,Sedan,Yes,Yes,Low,0.009601135972913967
50,30000.0,28.5,2,1,3,5.0,Female,Suburban,SUV,Yes,Yes,Low,0.28521595755767404
32,163545.0,42.3,2,6,19,3.0,Male,Urban,Sedan,Yes,Yes,Low,0.5123036957279731
36,93680.0,17.7,1,4,7,2.0,Male,Suburban,Sedan,Yes,No,Low,0.0005709805181907516
58,30000.0,30.2,1,9,14,1.0,Male,Urban,SUV,No,Yes,Low,0.0009421347852072706
54,30000.0,48.5,2,12,17,1.0,Male,Urban,SUV,No,Yes,Low,0.0014737470873828922
41,30000.0,61.8,3,10,5,5.0,Male,Urban,SUV,No,Yes,Medium,0.067490721177422
33,90198.0,57.5,1,5,9,1.0,Male,Suburban,Sedan,Yes,No,Low,0.00012719803699578748
48,113219.0,5.0,1,4,16,4.0,Male,Urban,SUV,Yes,Yes,Low,0.906452512593755
63,81515.0,34.4,3,6,11,3.0,Female,Urban,Hatchback,No,Yes,Low,0.14415450672182858
69,80108.0,5.0,1,0,8,1.0,Male,Suburban,SUV,Yes,No,Low,0.00048263342189406216
26,133517.0,38.7,3,2,2,5.0,Female,Rural,SUV,Yes,Yes,Low,0.9005844385617773
58,74529.0,16.6,2,6,19,5.0,Female,Urban,Sedan,Yes,Yes,Low,0.7223613700057296
45,30000.0,37.9,2,2,3,1.0,Male,Rural,SUV,Yes,No,Low,0.00017184210268959534
51,61380.0,5.0,1,6,9,2.0,Male,Suburban,Sedan,No,Yes,Low,0.007852052907024077
59,123547.0,13.6,2,2,0,5.0,Male,Rural,SUV,Yes,Yes,Low,0.9118989225694055
29,71747.0,39.4,1,5,7,4.0,Female,Suburban,Hatchback,Yes,No,Low,0.011002988840399434
45,88628.0,50.5,2,7,4,2.0,Female,Suburban,Truck,Yes,No,Low,0.0006005797502573063
59,30000.0,37.5,1,3,5,3.0,Female,Suburban,SUV,Yes,Yes,Low,0.036655455729862584
25,89221.0,52.0,1,3,7,5.0,Male,Urban,Sedan,No,No,Low,0.016689924902750158
28,62267.0,51.8,2,2,9,4.0,Female,Suburban,Sedan,Yes,Yes,Low,0.14502273229500873
49,81093.0,33.1,2,3,15,2.0,Male,Urban,Hatchback,No,Yes,Low,0.03609474346325712
55,97580.0,5.0,1,2,3,2.0,Male,Rural,SUV,Yes,Yes,Low,0.04822634160247191
65,104567.0,37.9,2,14,16,2.0,Female,Urban,Sedan,No,Yes,Low,0.04045434099287083
58,106059.0,46.5,2,2,0,4.0,Male,Rural,SUV,Yes,No,Low,0.01118710078752997
33,65414.0,5.0,2,3,16,5.0,Male,Urban,SUV,No,Yes,Low,0.4090051741347248
63,67470.0,39.7,2,0,2,1.0,Female,Rural,Sedan,Yes,Yes,Low,0.008296034948793614
27,92385.0,5.0,1,3,3,5.0,Female,Suburban,Sedan,Yes,No,Low,0.04141204544674895
36,71747.0,36.2,4,3,4,4.0,Male,Suburban,Sedan,Yes,Yes,Low,0.4648281561128929
27,30000.0,5.0,2,0,0,1.0,Male,Rural,Hatchback,Yes,Yes,Low,0.0029573306892370687
56,30000.0,31.7,2,2,1,2.0,Male,Rural,SUV,Yes,No,Low,0.00029541431357987705
43,109605.0,5.0,1,3,9,1.0,Male,Suburban,Sedan,Yes,No,Low,0.0007590432618294622
31,78362.0,5.0,1,3,9,2.0,Male,Suburban,SUV,Yes,Yes,Low,0.04476216844303709
35,87431.0,31.7,1,1,2,4.0,Male,Rural,SUV,Yes,No,Low,0.010813361089834102
33,30000.0,5.0,2,1,4,2.0,Female,Suburban,Sedan,Yes,Yes,Low,0.007399021832622069
52,78215.0,5.0,1,1,2,5.0,Male,Suburban,Sedan,Yes,Yes,Low,0.8436569020164686
43,101896.0,5.0,2,5,2,4.0,Female,Suburban,SUV,Yes,Yes,Low,0.5635658616435226
32,64151.0,21.8,2,13,10,1.0,Male,Urban,Sedan,Yes,Yes,Low,0.0013474149673302046
36,68480.0,5.0,2,2,1,4.0,Male,Rural,Sedan,Yes,No,Low,0.015305976630956918
39,101043.0,27.7,1,0,1,3.0,Female,Rural,SUV,Yes,Yes,Low,0.2768758649846944
48,94589.0,38.0,3,3,4,1.0,Male,Suburban,SUV,No,No,Medium,8.413863134958452e-05
38,55375.0,5.0,2,1,8,1.0,Female,Suburban,SUV,Yes,Yes,Low,0.004486814041962083
34,93598.0,36.7,4,6,3,4.0,Female,Suburban,SUV,Yes,No,Low,0.009291252776504322
59,105917.0,18.5,3,2,7,4.0,Male,Suburban,Hatchback,Yes,Yes,Low,0.5127737220184307
61,86449.0,49.2,3,4,5,3.0,Female,Suburban,SUV,Yes,Yes,Low,0.12507465716288452
62,97624.0,5.0,1,11,3,1.0,Female,Urban,Sedan,Yes,No,Low,0.00043850761693898827
44,125038.0,5.0,2,1,3,5.0,Female,Suburban,SUV,Yes,Yes,Low,0.8607622389182177
41,121896.0,15.8,3,11,14,1.0,Male,Urban,Sedan,No,Yes,Low,0.027541042551035892
69,61515.0,34.9,1,2,13,3.0,Female,Urban,SUV,Yes,Yes,Low,0.2413232492759454
55,66749.0,20.3,2,0,3,1.0,Male,Suburban,Sedan,Yes,Yes,Low,0.005947668212235243
67,115355.0,34.1,2,1,8,4.0,Male,Suburban,Truck,Yes,No,Low,0.01053751579962796
40,87203.0,69.0,2,2,1,2.0,Male,Rural,SUV,Yes,Yes,Low,0.014297538092553018
67,57546.0,34.6,2,12,19,2.0,Male,Urban,SUV,No,Yes,Low,0.017423766247915147
43,99281.0,51.8,2,5,15,5.0,Female,Urban,Truck,Yes,Yes,Low,0.7865618667674192
40,86844.0,55.1,1,4,8,3.0,Male,Suburban,Sedan,No,Yes,Medium,0.018865789233237104
69,120903.0,16.2,2,7,5,2.0,Female,Suburban,Sedan,Yes,Yes,Low,0.12636147809229267
32,88765.0,55.5,1,0,5,3.0,Male,Suburban,SUV,Yes,Yes,Low,0.1843690433468294
56,30000.0,52.4,2,7,4,2.0,Male,Urban,Sedan,Yes,No,Low,0.0002568766536916037
53,125871.0,27.2,1,9,5,1.0,Female,Urban,Sedan,No,Yes,Low,0.02263857387427728
42,95593.0,5.0,1,14,11,5.0,Male,Urban,Sedan,Yes,Yes,Low,0.7798321777452928
45,121294.0,48.3,2,5,16,1.0,Other,Urban,Hatchback,No,Yes,Medium,0.00156652625868069
36,78727.0,5.0,1,8,11,4.0,Female,Urban,Truck,No,No,Low,0.004452651395716621
69,142419.0,10.6,3,12,18,5.0,Female,Urban,Sedan,Yes,Yes,Low,0.956242161320344
43,147974.0,43.3,1,2,3,1.0,Male,Suburban,Sedan,Yes,Yes,Low,0.04506995891622648
34,91813.0,5.0,1,5,3,2.0,Female,Suburban,Sedan,Yes,No,Low,0.0011272189162896584
52,56766.0,5.0,2,14,4,1.0,Female,Urban,Sedan,No,Yes,Low,0.005451685940644389
54,93028.0,39.7,1,2,1,5.0,Male,Rural,SUV,Yes,Yes,Low,0.7299280293800607
33,30000.0,49.5,1,6,6,2.0,Male,Suburban,Truck,Yes,No,Low,0.00015704077751100686
65,93942.0,41.9,1,0,5,1.0,Female,Suburban,Sedan,Yes,Yes,Low,0.005709566806531786
62,30000.0,5.0,2,7,6,4.0,Male,Suburban,SUV,No,Yes,Low,0.09382767197386177
55,97639.0,5.0,2,1,4,1.0,Female,Suburban,Sedan,Yes,Yes,Low,0.011284021754725287
26,69340.0,35.6,2,5,1,4.0,Female,Suburban,Sedan,Yes,Yes,Low,0.5070266036078338
59,92494.0,41.7,1,9,16,5.0,Male,Urban,Sedan,No,No,Low,0.034256350364490054
55,30000.0,5.0,2,7,6,1.0,Male,Urban,Sedan,No,No,Medium,6.832345657929265e-05
61,71095.0,56.7,2,3,8,3.0,Female,Urban,Sedan,No,Yes,Medium,0.02802008124645045
28,46781.0,43.0,2,2,1,1.0,Male,Rural,SUV,Yes,Yes,Low,0.002841016045984121
47,115951.0,45.4,4,4,4,3.0,Female,Suburban,Sedan,No,Yes,Medium,0.07450372613608008
66,100941.0,49.0,2,1,3,1.0,Male,Rural,SUV,Yes,Yes,Low,0.01089767282211421
41,117719.0,5.0,2,8,18,5.0,Male,Urban,SUV,No,Yes,Low,0.7976440311194279
66,81573.0,5.0,3,6,12,2.0,Male,Urban,SUV,Yes,Yes,Low,0.04134589690918688
38,46447.0,21.4,2,2,3,4.0,Female,Suburban,Truck,Yes,Yes,Low,0.1552778370726967
65,73577.0,53.1,1,2,2,2.0,Male,Suburban,Truck,Yes,No,Low,0.00030245769501576234
30,119620.0,31.8,1,13,6,5.0,Male,Urban,SUV,Yes,Yes,Low,0.7220133202675938
55,70922.0,5.0,2,1,2,3.0,Female,Rural,Hatchback,Yes,No,Low,0.0021055957243387925
63,30000.0,48.2,3,7,6,1.0,Female,Suburban,SUV,Yes,No,Low,0.00013458654178698319
27,30000.0,21.6,1,6,5,2.0,Female,Suburban,Truck,Yes,Yes,Low,0.005083610549904357
28,91328.0,57.7,2,5,16,5.0,Male,Urban,Sedan,Yes,Yes,Low,0.7871240624166047
62,30000.0,5.0,1,10,10,4.0,Male,Urban,Sedan,Yes,Yes,Low,0.1311102962076732
57,30000.0,32.2,1,3,8,2.0,Female,Suburban,SUV,Yes,No,Low,0.00020854184783954547
25,73462.0,5.0,2,1,0,1.0,Female,Rural,SUV,Yes,Yes,Low,0.007078015586080646
55,94036.0,47.7,2,7,3,5.0,Female,Suburban,SUV,Yes,Yes,Low,0.7604003952977665
65,66542.0,36.9,2,4,5,5.0,Male,Suburban,Sedan,Yes,Yes,Low,0.30487318031228106
66,30000.0,39.6,1,7,7,4.0,Male,Suburban,SUV,Yes,No,Low,0.0019336522254251643
55,30000.0,49.2,1,4,15,4.0,Female,Urban,Sedan,Yes,No,Low,0.0021614619245984134
54,114050.0,5.0,1,2,1,2.0,Male,Rural,SUV,Yes,Yes,Low,0.09326299331220135
60,74862.0,47.4,2,2,6,4.0,Male,Urban,SUV,No,No,Medium,0.0009222965468539634
48,30000.0,18.4,2,4,4,2.0,Female,Suburban,Sedan,Yes,Yes,Low,0.007166940259574367
69,93364.0,56.0,1,3,10,4.0,Male,Urban,Sedan,No,Yes,Medium,0.13399412627748872
25,161783.0,59.5,2,7,6,5.0,Male,Suburban,Sedan,Yes,Yes,Low,0.8595524040474236
57,107985.0,50.2,1,2,6,1.0,Male,Suburban,SUV,Yes,Yes,Low,0.019382570664558795
62,77431.0,5.0,1,14,14,4.0,Male,Urban,Truck,Yes,Yes,Low,0.2926241080952927
49,61825.0,46.5,2,6,17,5.0,Male,Urban,Sedan,Yes,Yes,Low,0.7168443186622736
68,68669.0,36.9,1,13,17,4.0,Female,Urban,Sedan,Yes,Yes,Low,0.3764261324194821
48,52358.0,5.0,3,2,0,5.0,Male,Rural,Sedan,Yes,Yes,Low,0.6483285321380772
29,107789.0,34.5,2,4,7,4.0,Male,Suburban,SUV,Yes,No,Low,0.010036768837900825
34,109157.0,54.5,2,4,14,4.0,Male,Urban,SUV,Yes,Yes,Low,0.5988856897100051
36,86092.0,5.0,3,13,18,5.0,Male,Urban,SUV,Yes,No,Low,0.026796649025001024
66,103868.0,26.8,1,2,3,4.0,Male,Rural,SUV,Yes,No,Low,0.012774647894092278
45,30000.0,47.1,1,2,2,4.0,Female,Rural,SUV,Yes,Yes,Low,0.08498592321771854
52,63516.0,69.9,1,3,9,5.0,Male,Urban,Hatchback,No,No,Medium,0.0003999921706789376
66,84578.0,33.2,1,4,5,2.0,Male,Suburban,Truck,Yes,No,Low,0.0006962133442017866
26,89972.0,52.5,1,5,1,3.0,Male,Suburban,Sedan,Yes,No,Low,0.002501737658623025
53,90519.0,59.6,3,2,4,1.0,Female,Urban,Hatchback,Yes,No,Low,0.0004233601270423273
69,93595.0,33.1,2,2,16,5.0,Male,Urban,Hatchback,Yes,Yes,Low,0.7044184066234748
68,168863.0,71.0,1,2,3,5.0,Male,Rural,Truck,Yes,Yes,Low,0.9178693067668328
64,81483.0,5.0,1,2,9,2.0,Male,Urban,Hatchback,No,No,Low,0.0005193890132781623
43,78722.0,21.6,2,13,17,5.0,Female,Urban,SUV,No,No,Low,0.01847715920941817
37,82917.0,5.0,2,5,1,4.0,Other,Suburban,Sedan,Yes,Yes,Low,0.3370812733700046
67,150159.0,5.0,2,2,3,5.0,Female,Rural,Sedan,Yes,No,Low,0.0984699836837772
63,113623.0,31.1,1,11,18,1.0,Male,Urban,SUV,No,Yes,Low,0.015272054878386274
45,79723.0,35.2,3,7,5,5.0,Female,Suburban,Sedan,Yes,No,Low,0.029002851122777416
62,100461.0,36.3,2,1,2,5.0,Male,Rural,SUV,Yes,Yes,Low,0.8763334618628011
60,67524.0,5.0,2,7,11,1.0,Male,Urban,SUV,No,No,Low,0.00042332083748393174
46,30000.0,39.9,2,5,17,4.0,Female,Urban,Hatchback,No,No,Medium,0.0004703368261978421
41,30000.0,34.4,1,9,7,5.0,Male,Urban,Hatchback,No,No,Low,0.002636373852546104
31,30000.0,58.4,1,1,7,2.0,Male,Suburban,Sedan,No,Yes,Medium,0.0012821940879262654
43,76522.0,55.7,1,7,18,1.0,Male,Urban,Truck,Yes,No,Low,0.00026197862855125483
35,30000.0,46.9,1,6,1,2.0,Male,Suburban,Sedan,Yes,Yes,Low,0.005379430073094519
26,88765.0,23.6,1,1,6,5.0,Female,Suburban,Sedan,Yes,No,Low,0.028237818204667364
54,84287.0,45.0,1,3,7,3.0,Female,Urban,SUV,No,No,Medium,0.00015063474046484452
53,95621.0,56.0,3,13,11,4.0,Female,Urban,SUV,Yes,No,Low,0.012959939706575021
45,64683.0,41.3,2,6,17,2.0,Male,Urban,Sedan,Yes,Yes,Low,0.006454697656080919
30,87712.0,5.0,3,4,12,5.0,Female,Urban,SUV,Yes,No,Low,0.025971488972908668
64,91619.0,5.0,1,10,5,2.0,Male,Urban,SUV,No,Yes,Low,0.042930664708719146
27,97769.0,59.9,3,2,5,1.0,Female,Suburban,Hatchback,Yes,Yes,Low,0.0071309370319682045
49,93321.0,41.7,2,12,13,1.0,Male,Urban,Sedan,Yes,Yes,Low,0.011872288086974263
26,93942.0,67.5,2,7,9,1.0,Female,Suburban,Hatchback,Yes,Yes,Low,0.0024229500344664662
29,86595.0,16.2,1,9,17,2.0,Male,Urban,Truck,No,Yes,Low,0.031646552404752885
36,62267.0,34.3,1,4,1,1.0,Male,Suburban,Sedan,Yes,Yes,Low,0.002108871443968468
44,138028.0,32.3,1,7,7,5.0,Male,Suburban,Sedan,Yes,Yes,Low,0.8812561781119352
27,96418.0,40.7,1,7,13,5.0,Male,Urban,Sedan,Yes,No,Low,0.044512527212915626
36,53576.0,5.0,1,12,5,3.0,Male,Urban,Sedan,No,No,Low,0.0011694311243121264
45,104084.0,54.3,3,1,2,5.0,Male,Suburban,Sedan,Yes,Yes,Low,0.8034191009849978
61,30000.0,5.0,3,13,6,2.0,Female,Urban,SUV,No,No,Low,0.00017761173250580242
31,73979.0,47.6,3,8,5,3.0,Female,Urban,Sedan,Yes,Yes,Low,0.12002872764645328
32,130642.0,22.6,2,6,17,1.0,Female,Urban,Sedan,Yes,No,Low,0.0007617303355430952
45,134585.0,17.3,2,2,18,4.0,Female,Urban,Sedan,Yes,Yes,Low,0.7888300265558473
27,105718.0,50.5,3,2,3,4.0,Male,Rural,Sedan,Yes,Yes,Low,0.6127492228191906
30,92831.0,52.2,1,2,8,5.0,Male,Suburban,Sedan,No,Yes,Medium,0.2723325249930464
64,73566.0,55.1,2,3,17,2.0,Male,Urban,SUV,No,Yes,Low,0.014148485243073565
49,30000.0,23.4,1,4,1,2.0,Female,Suburban,SUV,Yes,Yes,Low,0.0055477884209471
34,51934.0,5.0,2,0,1,1.0,Male,Rural,Sedan,Yes,No,Low,0.00026271520279568385
61,69328.0,19.3,4,7,3,1.0,Male,Suburban,Sedan,No,Yes,Medium,0.002353971504201126
48,73497.0,55.1,1,4,4,1.0,Male,Urban,SUV,No,Yes,Medium,0.0008426499426216427
52,114491.0,40.8,1,10,9,3.0,Male,Urban,SUV,Yes,Yes,Low,0.4330534134310584
60,30000.0,58.4,2,5,12,2.0,Male,Urban,Truck,No,No,Medium,0.00011767236500337695
33,67245.0,24.2,2,11,9,1.0,Male,Urban,Sedan,No,Yes,Low,0.002366273463131407
67,82325.0,31.9,2,2,3,3.0,Male,Rural,Sedan,Yes,No,Low,0.0027642375647854594
49,47933.0,5.0,2,4,9,1.0,Female,Suburban,Sedan,Yes,No,Low,0.00017657933139068286
49,136543.0,5.0,1,5,1,1.0,Male,Suburban,SUV,Yes,Yes,Low,0.025135271313694106
64,97937.0,5.0,2,7,6,1.0,Male,Urban,SUV,Yes,No,Low,0.000272322493681077
50,114057.0,38.3,1,2,0,3.0,Male,Rural,SUV,Yes,No,Low,0.007612946210806893
38,93930.0,50.3,2,11,10,3.0,Male,Urban,Hatchback,No,Yes,Medium,0.02894554235788166
40,104378.0,12.2,1,7,3,1.0,Male,Suburban,Sedan,Yes,Yes,Low,0.01947626872977846
29,74804.0,49.7,2,4,4,4.0,Male,Suburban,Sedan,Yes,Yes,Low,0.4206409482454148
42,30000.0,61.9,1,8,19,2.0,Male,Urban,SUV,No,No,Low,0.00012705540358101629
48,56891.0,25.9,2,2,0,2.0,Male,Rural,Hatchback,Yes,Yes,Low,0.01975008108715652
67,93711.0,47.7,1,8,5,5.0,Female,Urban,Hatchback,No,Yes,Medium,0.1914136535851215
60,52348.0,5.0,2,5,4,5.0,Male,Suburban,Hatchback,Yes,Yes,Low,0.6532343470741501
55,104074.0,23.5,1,7,13,4.0,Male,Urban,SUV,No,Yes,Low,0.5529275381972747
31,107761.0,46.0,2,2,1,5.0,Male,Rural,Sedan,Yes,Yes,Low,0.7901638931962076
69,83731.0,5.0,1,2,0,5.0,Male,Rural,SUV,Yes,Yes,Low,0.7287176334764445
28,115941.0,5.0,4,1,0,1.0,Male,Rural,Hatchback,Yes,Yes,Low,0.020615182127241255
54,74481.0,52.8,2,4,17,4.0,Female,Urban,Sedan,Yes,No,Low,0.005912823514782012
35,91804.0,5.0,1,2,9,5.0,Male,Suburban,SUV,Yes,Yes,Low,0.803334845968704
49,141248.0,51.9,1,5,6,5.0,Male,Suburban,SUV,Yes,Yes,Low,0.9178240287522573
43,75723.0,51.2,4,2,12,5.0,Female,Urban,Sedan,No,Yes,Medium,0.2235766237108551
25,85469.0,66.2,4,13,15,4.0,Male,Urban,Sedan,No,No,Low,0.0023718711657295145
25,78727.0,15.0,2,10,18,4.0,Male,Urban,SUV,Yes,Yes,Low,0.48307306785964343
26,93556.0,18.8,2,6,9,1.0,Female,Suburban,SUV,No,Yes,Low,0.00624869431546379
68,66947.0,53.3,3,2,1,2.0,Male,Suburban,Sedan,Yes,No,Low,0.00018338218699040732
65,30000.0,5.0,3,8,12,1.0,Female,Urban,Sedan,Yes,Yes,Low,0.0014362037539490855
35,70867.0,51.6,1,5,9,5.0,Male,Urban,Sedan,No,Yes,Low,0.6197993382210931
59,77157.0,47.1,1,8,4,2.0,Male,Urban,Truck,No,Yes,Medium,0.007359974390810185
52,99891.0,26.2,2,5,1,4.0,Male,Suburban,Sedan,Yes,Yes,Low,0.557304824633213
37,90198.0,57.2,1,3,8,4.0,Male,Suburban,Sedan,Yes,Yes,Low,0.1609088315178299
25,96990.0,5.0,1,0,0,4.0,Male,Rural,SUV,Yes,Yes,Low,0.359621946115634
42,72638.0,5.0,1,0,3,3.0,Female,Rural,Sedan,Yes,Yes,Low,0.10713096497118066
53,72615.0,41.5,2,9,4,5.0,Male,Urban,SUV,No,Yes,Low,0.7119141856395673
51,116041.0,20.1,3,4,9,4.0,Male,Urban,SUV,No,No,Low,0.010333843075286377
45,30000.0,19.4,1,2,19,1.0,Male,Urban,Sedan,Yes,Yes,Low,0.0016072566011474602
41,57558.0,5.0,1,10,8,4.0,Male,Urban,Sedan,Yes,Yes,Low,0.3228045406692546
36,122777.0,58.4,1,4,12,2.0,Male,Urban,SUV,Yes,Yes,Low,0.05979511746760867
46,30000.0,62.7,1,3,13,2.0,Male,Urban,Truck,No,No,Medium,8.059741304471753e-05
52,30000.0,28.5,2,2,2,3.0,Female,Rural,SUV,Yes,No,Low,0.0009065843403641342
67,64575.0,50.7,1,2,3,1.0,Female,Rural,Hatchback,Yes,No,Low,0.0001319546480695864
57,84768.0,51.9,1,2,3,2.0,Male,Suburban,Sedan,Yes,No,Low,0.0008183101897231279
66,79930.0,5.0,2,2,2,5.0,Male,Rural,SUV,Yes,Yes,Low,0.7113181630172125
33,150159.0,24.9,1,5,4,5.0,Male,Suburban,Hatchback,Yes,No,Low,0.07980632780773717
27,129828.0,60.1,2,3,2,4.0,Female,Suburban,SUV,Yes,No,Low,0.01346254208367666
39,114964.0,38.8,2,12,17,5.0,Male,Urban,Sedan,No,No,Low,0.06404119877279682
61,30000.0,5.0,1,14,7,3.0,Male,Urban,SUV,Yes,No,Low,0.0006212837402807475
26,131789.0,41.9,1,14,11,3.0,Female,Urban,SUV,No,Yes,Low,0.41399460945707134
49,118062.0,67.6,2,4,9,1.0,Female,Urban,Sedan,No,No,Medium,0.00010367216347753802
49,30000.0,15.2,1,7,6,4.0,Female,Suburban,SUV,Yes,Yes,Low,0.24134707502067548
31,47718.0,5.0,2,2,14,3.0,Male,Urban,SUV,Yes,Yes,Low,0.07082342840668493
49,95721.0,8.5,2,1,9,4.0,Female,Suburban,Sedan,Yes,Yes,Low,0.5463060324436533
34,72638.0,60.8,3,0,1,2.0,Male,Suburban,Sedan,No,Yes,High,0.000279062218538977
36,68630.0,40.9,2,0,0,5.0,Female,Rural,Sedan,Yes,Yes,Low,0.8240451430155877
66,107950.0,33.8,1,13,5,3.0,Male,Urban,Sedan,No,No,Low,0.003721085455772072
54,30000.0,19.4,3,2,0,1.0,Male,Rural,Sedan,Yes,Yes,Low,0.0028871010337752747
46,83912.0,57.7,2,3,7,1.0,Female,Suburban,Sedan,Yes,No,Low,0.0002671600423553432
68,72971.0,57.7,2,7,4,4.0,Male,Suburban,Sedan,Yes,No,Low,0.003955144817625826
40,103837.0,50.4,2,0,4,1.0,Male,Suburban,SUV,Yes,No,Low,0.0002696207885453279
36,120774.0,53.0,1,0,7,1.0,Female,Suburban,SUV,Yes,Yes,Low,0.020787379328533348
42,116714.0,53.3,3,1,2,1.0,Male,Suburban,Sedan,Yes,Yes,Low,0.014533704642341605
48,136543.0,36.3,3,2,2,1.0,Female,Rural,Hatchback,Yes,Yes,Low,0.02511652928540563
52,81294.0,5.0,3,13,5,5.0,Male,Urban,Sedan,No,No,Low,0.02709364792692976
54,113959.0,5.0,1,4,7,4.0,Female,Suburban,Sedan,Yes,Yes,Low,0.641867796011881
67,98797.0,45.3,3,13,16,2.0,Male,Urban,SUV,No,No,Low,0.0003940854258321168
60,105899.0,5.0,2,1,3,1.0,Female,Rural,Sedan,Yes,Yes,Low,0.020175851295642044
27,143206.0,50.3,1,4,6,4.0,Male,Suburban,Sedan,Yes,Yes,Low,0.7552483157774188
62,30000.0,36.3,1,2,2,3.0,Female,Rural,Sedan,Yes,Yes,Low,0.06293096322030574
28,96310.0,15.3,1,3,16,2.0,Male,Urban,SUV,Yes,Yes,Low,0.10808813742633676
33,111311.0,18.5,3,2,2,3.0,Female,Suburban,Truck,Yes,Yes,Low,0.3835052118441413
59,63813.0,5.0,2,2,1,4.0,Female,Rural,Sedan,Yes,No,Low,0.0011268932352185444
52,49426.0,31.0,2,2,3,5.0,Female,Urban,SUV,No,No,Medium,0.000387944648633974
37,64584.0,19.6,1,4,9,5.0,Male,Suburban,SUV,Yes,Yes,Low,0.47686537003991486
47,97630.0,56.9,1,3,4,3.0,Male,Suburban,Sedan,Yes,Yes,Low,0.2391667212484156
42,114183.0,47.1,1,1,0,3.0,Female,Rural,Hatchback,No,Yes,Medium,0.18086215769400601
44,94589.0,46.4,2,2,1,1.0,Male,Rural,Sedan,Yes,No,Low,0.0004033143797884327
26,30000.0,5.0,2,2,2,3.0,Male,Rural,Sedan,Yes,No,Low,0.0008665593224814175
69,84889.0,44.8,4,6,9,4.0,Male,Suburban,Sedan,Yes,Yes,Low,0.41269870345652016
28,62210.0,29.7,1,4,15,4.0,Male,Urban,Sedan,Yes,No,Low,0.0026036785158702553
29,67838.0,55.0,1,0,5,2.0,Male,Suburban,Sedan,Yes,No,Low,0.0007365811236600786
58,91542.0,65.1,1,12,16,1.0,Female,Urban,SUV,No,Yes,Low,0.00552043560248333
40,72488.0,15.7,2,0,1,1.0,Male,Suburban,Sedan,Yes,Yes,Low,0.017260214419123274
31,128821.0,5.0,1,5,5,5.0,Female,Suburban,Sedan,Yes,Yes,Low,0.8341325527294015
38,30000.0,5.0,2,4,11,1.0,Male,Urban,Sedan,No,Yes,Low,0.001066503955196121
34,71747.0,25.4,2,2,17,1.0,Other,Urban,SUV,No,No,Low,0.0003692685664917457
37,30000.0,31.6,1,2,1,1.0,Female,Suburban,Hatchback,Yes,Yes,Low,0.001498563555862893
28,93820.0,34.8,2,2,8,4.0,Male,Suburban,Sedan,No,Yes,Low,0.3776593708014839
52,94720.0,11.3,2,14,17,2.0,Male,Urban,Sedan,Yes,No,Low,0.0015260300359941923
67,102695.0,32.5,2,2,1,1.0,Female,Rural,Hatchback,Yes,Yes,Low,0.014924265418479637
31,68480.0,49.4,1,5,4,1.0,Female,Suburban,Hatchback,Yes,No,Low,0.0005602857865279565
49,48214.0,26.8,2,9,15,1.0,Female,Urban,Truck,Yes,Yes,Low,0.001380470772742515
30,58660.0,53.3,2,3,6,5.0,Female,Urban,SUV,No,No,Medium,0.000925188901612249
25,104258.0,78.6,1,10,18,3.0,Female,Urban,Sedan,No,No,Medium,0.0006062104886505274
28,43983.0,45.2,1,5,4,4.0,Male,Urban,Truck,No,Yes,Medium,0.03654274377568226
31,124432.0,17.8,1,3,16,4.0,Female,Urban,Sedan,Yes,Yes,Low,0.5821951808406703
60,129919.0,5.0,1,6,18,4.0,Male,Urban,Hatchback,Yes,Yes,Low,0.718541575620759
62,75946.0,31.9,2,0,7,4.0,Female,Suburban,SUV,Yes,Yes,Low,0.28225525168696763
60,52366.0,33.7,2,7,17,2.0,Male,Urban,SUV,Yes,Yes,Low,0.01931825847589042
60,132261.0,35.7,2,6,4,3.0,Male,Suburban,Sedan,Yes,Yes,Low,0.41049562307213716
55,103445.0,40.4,1,3,16,5.0,Male,Urban,Sedan,Yes,Yes,Low,0.8303854769496543
46,101290.0,5.0,3,0,2,5.0,Male,Rural,Sedan,Yes,Yes,Low,0.8297259846136703
65,63987.0,22.1,1,2,17,4.0,Male,Urban,SUV,No,Yes,Low,0.06058079829310525
63,125664.0,48.2,2,1,3,3.0,Male,Rural,Sedan,Yes,Yes,Low,0.3140355858670556
38,65284.0,5.0,2,7,14,1.0,Female,Urban,Hatchback,No,No,Low,4.882349172081128e-05
44,81445.0,21.0,3,2,13,3.0,Male,Urban,Sedan,No,Yes,Low,0.14469230038407893
25,133945.0,5.0,3,2,1,4.0,Male,Rural,Hatchback,Yes,Yes,Low,0.6042134589917375
27,102779.0,17.2,2,6,15,4.0,Female,Urban,Truck,No,Yes,Low,0.5498001485756343
68,30000.0,40.1,1,6,6,4.0,Female,Suburban,Hatchback,Yes,No,Low,0.0016886922425648186
50,79898.0,5.0,3,3,1,5.0,Male,Suburban,Hatchback,Yes,Yes,Low,0.7019243741650052
31,95846.0,5.0,2,1,0,5.0,Male,Rural,SUV,Yes,Yes,Low,0.7924556390305966
55,100584.0,35.2,2,11,14,3.0,Male,Urban,Sedan,Yes,No,Low,0.006132691328222862
50,30000.0,5.0,2,2,12,2.0,Female,Urban,SUV,No,Yes,Low,0.004897704104859259
58,30000.0,30.4,2,2,8,5.0,Male,Suburban,Truck,No,Yes,Medium,0.07242066077643122
54,107518.0,32.1,2,0,6,1.0,Female,Suburban,Sedan,Yes,No,Low,0.0004268022891928552
59,92494.0,5.0,1,0,2,1.0,Female,Rural,SUV,Yes,Yes,Low,0.020611143601553215
50,65800.0,26.4,4,11,6,1.0,Male,Urban,Hatchback,Yes,Yes,Low,0.00560832409008273
30,77963.0,5.0,3,2,3,5.0,Female,Rural,Sedan,Yes,Yes,Low,0.6221278407570028
66,123466.0,46.8,1,2,3,4.0,Female,Rural,Sedan,Yes,Yes,Low,0.6432673439053633
48,118421.0,36.1,1,3,8,2.0,Female,Suburban,Hatchback,Yes,No,Low,0.0011903722379309153
41,56914.0,66.6,3,2,3,3.0,Male,Suburban,Sedan,Yes,No,Low,0.0010697558668620692
50,30000.0,5.0,4,7,18,4.0,Female,Urban,SUV,No,No,Low,0.001106602151458377
50,30000.0,52.4,4,6,9,5.0,Female,Suburban,Sedan,Yes,Yes,Low,0.18884048458500502
67,101735.0,5.0,1,1,1,1.0,Male,Rural,Truck,Yes,Yes,Medium,0.0018403445908211674
46,131711.0,67.2,2,6,5,4.0,Male,Urban,Hatchback,No,No,Medium,0.0030273817805134477
51,107845.0,12.6,1,3,6,4.0,Male,Urban,Sedan,No,No,Low,0.016245352575351833
31,30000.0,36.4,1,0,2,5.0,Male,Suburban,SUV,Yes,No,Low,0.0037449351054746893
57,99336.0,27.0,1,0,2,5.0,Female,Rural,Hatchback,Yes,Yes,Low,0.725246546274869
43,122344.0,49.9,2,7,1,3.0,Female,Suburban,SUV,Yes,Yes,Low,0.35861860587959
45,64541.0,51.9,2,1,1,4.0,Other,Suburban,Sedan,Yes,No,Low,0.002771223652831567
44,74368.0,5.0,1,4,4,3.0,Male,Urban,Sedan,No,Yes,Low,0.25075667472448077
33,85208.0,30.7,2,6,1,4.0,Male,Suburban,SUV,Yes,Yes,Low,0.43288562797673624
56,81916.0,46.9,2,6,16,3.0,Male,Urban,SUV,Yes,No,Low,0.00270585790860432
45,123035.0,53.7,1,2,6,3.0,Female,Suburban,Sedan,Yes,Yes,Low,0.2668820393031074
35,77202.0,5.0,2,3,5,4.0,Male,Suburban,Sedan,Yes,Yes,Low,0.4538054912313939
49,81751.0,5.0,1,5,13,2.0,Male,Urban,Sedan,Yes,No,Low,0.0011188259537217508
45,123832.0,47.0,1,2,2,1.0,Male,Rural,Hatchback,No,No,High,1.9250072119831764e-05
37,60499.0,38.7,1,10,15,2.0,Female,Urban,SUV,No,No,Low,9.958894510011965e-05
33,68629.0,25.3,2,9,3,3.0,Male,Urban,Sedan,No,No,Low,0.0035741804061297077
51,129991.0,61.7,2,5,5,4.0,Male,Suburban,SUV,Yes,Yes,Low,0.65906209611021
42,83686.0,5.0,2,1,9,5.0,Male,Suburban,Sedan,Yes,Yes,Low,0.6675718419090261
30,74052.0,66.6,2,12,6,3.0,Male,Urban,SUV,No,No,Low,0.0007597893708218525
32,63805.0,60.6,2,4,3,1.0,Male,Suburban,SUV,Yes,Yes,Low,0.0014158088635592508
47,62938.0,69.4,1,3,3,1.0,Male,Suburban,SUV,No,Yes,High,3.661302684396364e-05
57,83314.0,5.0,1,2,4,2.0,Male,Urban,Truck,Yes,No,Low,0.0009525114892774966
56,95715.0,32.7,3,0,3,4.0,Male,Suburban,Sedan,Yes,No,Low,0.01446130191037317
50,123554.0,37.7,2,1,9,2.0,Male,Suburban,SUV,Yes,Yes,Low,0.08461198282116668
58,55413.0,16.3,2,12,13,5.0,Female,Urban,SUV,Yes,No,Low,0.010842219097401668
62,99421.0,39.2,2,6,19,2.0,Male,Urban,SUV,Yes,Yes,Low,0.04468923181989814
42,82436.0,16.6,2,1,2,3.0,Female,Suburban,Hatchback,Yes,No,Low,0.004604895934088741
66,76018.0,5.0,2,4,3,2.0,Male,Suburban,Sedan,Yes,Yes,Low,0.021515346352332508
25,75595.0,5.0,3,0,5,5.0,Male,Suburban,SUV,Yes,Yes,Low,0.6360629566549786
62,86595.0,53.3,1,2,1,1.0,Female,Rural,Hatchback,Yes,No,Low,0.00038929972525841134
49,87106.0,5.0,2,4,8,4.0,Male,Suburban,Hatchback,Yes,Yes,Low,0.5220857380735934
53,96523.0,30.3,1,0,8,1.0,Female,Suburban,Sedan,No,No,Medium,0.00015810957948147352
27,30000.0,16.0,2,2,7,2.0,Male,Suburban,Sedan,Yes,Yes,Low,0.012717326841474124
43,93919.0,5.0,2,1,4,3.0,Female,Suburban,Truck,No,Yes,Medium,0.04019473899289984
26,115933.0,5.0,2,2,3,2.0,Male,Suburban,Sedan,Yes,No,Low,0.001468388956925845
41,93552.0,46.8,1,2,2,5.0,Male,Suburban,Truck,Yes,Yes,Low,0.6645326088087997
37,97366.0,21.3,1,0,1,2.0,Female,Rural,Sedan,Yes,Yes,Low,0.026414119012995674
60,97645.0,5.0,3,2,13,4.0,Male,Urban,Sedan,No,Yes,Low,0.45173966625743356
30,82870.0,51.3,1,7,7,4.0,Female,Urban,Sedan,Yes,Yes,Low,0.3722474641400271
50,104538.0,50.8,1,5,2,1.0,Female,Suburban,Hatchback,Yes,No,Low,0.0004629227083722435
30,103376.0,45.8,3,1,0,5.0,Male,Rural,SUV,Yes,Yes,Low,0.777438642451376
45,54326.0,56.9,2,2,2,3.0,Female,Rural,Sedan,Yes,Yes,Low,0.13523799166043596
48,77274.0,5.0,3,2,8,2.0,Male,Suburban,Sedan,Yes,No,Low,0.0004463836137966849
35,110918.0,5.0,3,11,18,5.0,Male,Urban,SUV,Yes,Yes,Low,0.9013391578395649
46,117475.0,29.9,1,11,13,4.0,Male,Urban,Sedan,Yes,No,Low,0.014896564931344284
29,98242.0,60.0,1,13,5,1.0,Female,Urban,Sedan,Yes,Yes,Low,0.009059084998727304
58,30000.0,5.0,2,7,9,5.0,Female,Urban,Sedan,No,Yes,Low,0.2625776860045069
40,90978.0,39.3,1,3,6,2.0,Female,Urban,SUV,No,Yes,Medium,0.009177784165937324
39,132386.0,30.7,2,1,9,5.0,Female,Suburban,Sedan,Yes,Yes,Low,0.9003706742789936
38,81954.0,51.8,2,11,5,3.0,Male,Urban,Sedan,No,No,Medium,0.0005369497317294128
29,54550.0,54.3,2,5,8,4.0,Male,Urban,SUV,Yes,Yes,Low,0.2706459870602194
66,66573.0,50.3,2,5,4,1.0,Male,Suburban,SUV,Yes,No,Low,0.00011639693486975233
39,61845.0,20.8,2,3,11,4.0,Male,Urban,SUV,No,No,Low,0.005833251879238825
54,104434.0,37.7,2,1,3,5.0,Male,Rural,SUV,Yes,No,Low,0.04191173034072695
40,81812.0,26.8,1,3,10,4.0,Male,Urban,Sedan,No,Yes,Low,0.35921895324358033
49,93711.0,30.1,2,0,3,4.0,Male,Suburban,Sedan,Yes,No,Low,0.0071408481210189275
55,101328.0,31.1,1,1,6,4.0,Male,Suburban,SUV,Yes,Yes,Low,0.52423424261018
42,97769.0,14.8,1,5,14,1.0,Female,Urban,SUV,No,No,Low,0.00042073181772284867
39,74846.0,19.9,3,0,8,1.0,Female,Suburban,SUV,Yes,Yes,Low,0.017338696136355143
55,77549.0,41.2,3,2,5,1.0,Female,Suburban,Sedan,Yes,Yes,Low,0.006195161583754423
69,67598.0,52.2,2,2,3,1.0,Male,Rural,Sedan,Yes,No,Low,0.00027707777857094624
64,84853.0,5.0,1,12,18,2.0,Female,Urban,Sedan,No,No,Low,0.0005038219469487595
36,64522.0,24.3,3,3,2,2.0,Male,Suburban,SUV,Yes,Yes,Low,0.006060906689918896
61,81143.0,5.0,2,2,2,3.0,Female,Rural,Hatchback,Yes,Yes,Low,0.1682192423320382
41,123594.0,5.0,1,7,12,1.0,Female,Urban,Sedan,No,Yes,Low,0.01796058257235815
46,51353.0,40.8,3,5,10,5.0,Male,Urban,SUV,No,Yes,Low,0.6420954012038838
29,89299.0,23.9,2,7,11,4.0,Male,Urban,Sedan,Yes,Yes,Low,0.44232091362938336
56,67847.0,5.0,1,1,1,5.0,Male,Rural,Sedan,Yes,No,Low,0.05237628797687234
43,96782.0,25.9,2,13,17,5.0,Male,Urban,Sedan,Yes,No,Low,0.020261087353234453
64,146657.0,37.5,1,0,8,5.0,Male,Suburban,Hatchback,Yes,Yes,Low,0.8842911672681293
32,30000.0,38.8,1,2,2,2.0,Male,Rural,Sedan,Yes,Yes,Low,0.006273208754215172
46,153682.0,5.0,3,1,3,2.0,Female,Suburban,Hatchback,Yes,Yes,Low,0.0986634258138854
25,30000.0,18.0,1,2,17,3.0,Female,Urban,Sedan,Yes,Yes,Low,0.033812603502883176
36,107861.0,27.3,3,14,5,5.0,Male,Urban,Truck,Yes,Yes,Low,0.805062612452629
44,45615.0,34.8,2,0,1,3.0,Male,Rural,SUV,Yes,No,Low,0.001040615082287279
36,96588.0,39.0,2,6,9,5.0,Male,Suburban,Sedan,Yes,Yes,Low,0.7769132788794666
67,30000.0,5.0,1,4,6,2.0,Female,Suburban,Sedan,Yes,No,Low,0.00015073515824471712
27,136598.0,22.8,2,2,5,5.0,Male,Suburban,Sedan,Yes,Yes,Low,0.924722376559939
46,95997.0,24.3,2,2,10,5.0,Male,Urban,SUV,Yes,Yes,Low,0.8203273046705967
38,55717.0,44.6,1,5,15,2.0,Male,Urban,SUV,Yes,No,Low,0.00045983318385948806
64,30000.0,5.0,1,1,4,1.0,Male,Suburban,SUV,Yes,Yes,Low,0.0016222154481661582
32,93857.0,12.9,2,11,9,5.0,Female,Urban,Sedan,No,Yes,Medium,0.5520392083914314
36,102893.0,26.3,2,0,1,2.0,Male,Rural,Sedan,Yes,Yes,Low,0.05594418537559287
30,107470.0,5.0,3,12,3,4.0,Female,Urban,Sedan,No,No,Low,0.00859876731934186
64,121400.0,41.9,2,0,1,5.0,Male,Rural,SUV,Yes,Yes,Low,0.8438622464246766
32,91597.0,5.0,1,12,8,5.0,Male,Urban,Hatchback,No,Yes,Low,0.7074271764969478
45,40402.0,31.6,2,0,2,2.0,Female,Suburban,Sedan,Yes,No,Low,6.982048613087463e-05
44,103613.0,38.6,3,13,16,5.0,Male,Urban,Sedan,No,Yes,Low,0.8223083799880796
38,73365.0,55.6,1,2,3,3.0,Female,Rural,SUV,Yes,Yes,Low,0.10411599816084673
69,30000.0,30.1,1,7,5,3.0,Male,Suburban,Sedan,Yes,No,Low,0.0006623286429294832
38,30000.0,5.0,2,10,8,1.0,Male,Urban,SUV,No,No,Low,8.953824985284277e-05
